timestamp_ms,timestamp_str,lon_bd09,lat_bd09,lon_gcj02,lat_gcj02,lon_wgs84,lat_wgs84,speed,direction,mileage,driving_mode,driving_model,device_id,attributes,calc_speed,vehicle_id
1751965080000,2025-07-08 16:58:00.000,104.196839,35.956116,104.19034706263945,35.950125130475136,104.187656,35.9503,1.0,0.0,9663.9,1.0,1,612042023200066,"{""1"":96639,""3"":0,""37"":0,""48"":80,""49"":20,""224"":""AC8="",""225"":96639,""226"":0,""227"":281474976710656,""228"":0,""229"":0,""230"":0,""231"":0}",0.222,1879347316192227300
1751965080000,2025-07-08 16:58:00.000,104.196841,35.956119,104.1903490590588,35.95012812762163,104.187658,35.950303,0.0,0.0,11186.6,1.0,1,612042023200098,"{""1"":111866,""3"":0,""37"":0,""48"":80,""49"":29,""224"":""AC8="",""225"":111866,""226"":0,""227"":281474976710656,""228"":0,""229"":0,""230"":0,""231"":0}",0.143,1879353494011949000
1751965080000,2025-07-08 16:58:00.000,104.196997,35.956083,104.19050376710388,35.950094843404216,104.187813,35.95027,11.0,207.0,6318.1,1.0,1,612042023200085,"{""1"":63181,""3"":87,""37"":0,""48"":80,""49"":29,""224"":""AC8="",""225"":63181,""226"":87,""227"":281474976710656,""228"":0,""229"":0,""230"":0,""231"":0}",2.894,1879358279721201700
1751965081000,2025-07-08 16:58:01.000,104.196839,35.956116,104.19034706263945,35.950125130475136,104.187656,35.9503,1.0,0.0,9663.9,1.0,1,612042023200066,"{""1"":96639,""3"":0,""37"":0,""48"":80,""49"":20,""224"":""AC8="",""225"":96639,""226"":0,""227"":281474976710656,""228"":0,""229"":0,""230"":0,""231"":0}",0.0,1879347316192227300
1751965081000,2025-07-08 16:58:01.000,104.196842,35.95612,104.1903500572409,35.95012912607585,104.187659,35.950304,0.0,0.0,11186.6,1.0,1,612042023200098,"{""1"":111866,""3"":0,""37"":0,""48"":80,""49"":28,""224"":""AC8="",""225"":111866,""226"":0,""227"":281474976710656,""228"":0,""229"":0,""230"":0,""231"":0}",0.143,1879353494011949000
1751965081000,2025-07-08 16:58:01.000,104.196971,35.956065,104.19047781469632,35.95007588521652,104.187787,35.950251,13.0,236.0,6318.1,1.0,1,612042023200085,"{""1"":63181,""3"":101,""37"":0,""48"":80,""49"":29,""224"":""AC8="",""225"":63181,""226"":101,""227"":281474976710656,""228"":0,""229"":0,""230"":0,""231"":0}",3.147,1879358279721201700
1751965082000,2025-07-08 16:58:02.000,104.196839,35.956115,104.19034706258424,35.95012413023703,104.187656,35.950299,0.0,0.0,9663.9,1.0,1,612042023200066,"{""1"":96639,""3"":0,""37"":0,""48"":80,""49"":21,""224"":""AC8="",""225"":96639,""226"":0,""227"":281474976710656,""228"":0,""229"":0,""230"":0,""231"":0}",0.111,1879347316192227300
1751965082000,2025-07-08 16:58:02.000,104.196841,35.956119,104.1903490590588,35.95012812762163,104.187658,35.950303,1.0,0.0,11186.6,1.0,1,612042023200098,"{""1"":111866,""3"":0,""37"":0,""48"":80,""49"":29,""224"":""AC8="",""225"":111866,""226"":0,""227"":281474976710656,""228"":0,""229"":0,""230"":0,""231"":0}",0.143,1879353494011949000
1751965082000,2025-07-08 16:58:02.000,104.196939,35.956055,104.190445874025,35.95006593987629,104.187755,35.950241,12.0,258.0,6318.1,1.0,1,612042023200085,"{""1"":63181,""3"":88,""37"":16,""48"":80,""49"":29,""224"":""AC8="",""225"":63181,""226"":88,""227"":282574488338432,""228"":0,""229"":1280,""230"":0,""231"":0}",3.08,1879358279721201700
1751965083000,2025-07-08 16:58:03.000,104.196839,35.956116,104.19034706263945,35.950125130475136,104.187656,35.9503,1.0,0.0,9663.9,1.0,1,612042023200066,"{""1"":96639,""3"":0,""37"":0,""48"":80,""49"":20,""224"":""AC8="",""225"":96639,""226"":0,""227"":281474976710656,""228"":0,""229"":0,""230"":0,""231"":0}",0.111,1879347316192227300
1751965083000,2025-07-08 16:58:03.000,104.196841,35.956118,104.1903490590036,35.950127127383524,104.187658,35.950302,1.0,0.0,11186.6,1.0,1,612042023200098,"{""1"":111866,""3"":0,""37"":0,""48"":80,""49"":29,""224"":""AC8="",""225"":111866,""226"":0,""227"":281474976710656,""228"":0,""229"":0,""230"":0,""231"":0}",0.111,1879353494011949000
1751965083000,2025-07-08 16:58:03.000,104.19691,35.956057,104.190416928361,35.95006699181868,104.187726,35.950242,10.0,280.0,6318.1,1.0,1,612042023200085,"{""1"":63181,""3"":68,""37"":0,""48"":80,""49"":27,""224"":""AC8="",""225"":63181,""226"":68,""227"":281474976710656,""228"":0,""229"":0,""230"":0,""231"":0}",2.608,1879358279721201700
1751965084000,2025-07-08 16:58:04.000,104.196839,35.956116,104.19034706263945,35.950125130475136,104.187656,35.9503,0.0,0.0,9663.9,1.0,1,612042023200066,"{""1"":96639,""3"":0,""37"":0,""48"":80,""49"":21,""224"":""AC8="",""225"":96639,""226"":0,""227"":281474976710656,""228"":0,""229"":0,""230"":0,""231"":0}",0.0,1879347316192227300
1751965084000,2025-07-08 16:58:04.000,104.196841,35.956119,104.1903490590588,35.95012812762163,104.187658,35.950303,1.0,0.0,11186.6,1.0,1,612042023200098,"{""1"":111866,""3"":0,""37"":0,""48"":80,""49"":29,""224"":""AC8="",""225"":111866,""226"":0,""227"":281474976710656,""228"":0,""229"":0,""230"":0,""231"":0}",0.111,1879353494011949000
1751965084000,2025-07-08 16:58:04.000,104.196889,35.956063,104.19039596800728,35.95007303069485,104.187705,35.950248,7.0,299.0,6318.1,1.0,1,612042023200085,"{""1"":63181,""3"":55,""37"":0,""48"":80,""49"":29,""224"":""AC8="",""225"":63181,""226"":55,""227"":281474976710656,""228"":0,""229"":0,""230"":0,""231"":0}",2.003,1879358279721201700
1751965085000,2025-07-08 16:58:05.000,104.196839,35.956117,104.1903470626946,35.95012613071325,104.187656,35.950301,1.0,0.0,9663.9,1.0,1,612042023200066,"{""1"":96639,""3"":0,""37"":0,""48"":80,""49"":21,""224"":""AC8="",""225"":96639,""226"":0,""227"":281474976710656,""228"":0,""229"":0,""230"":0,""231"":0}",0.111,1879347316192227300
1751965085000,2025-07-08 16:58:05.000,104.196842,35.956121,104.19035005729609,35.95013012631396,104.187659,35.950305,1.0,0.0,11186.6,1.0,1,612042023200098,"{""1"":111866,""3"":0,""37"":0,""48"":80,""49"":28,""224"":""AC8="",""225"":111866,""226"":0,""227"":281474976710656,""228"":0,""229"":0,""230"":0,""231"":0}",0.24,1879353494011949000
1751965085000,2025-07-08 16:58:05.000,104.196877,35.956069,104.19038399080732,35.95007905352454,104.187693,35.950254,5.0,307.0,6318.1,1.0,1,612042023200085,"{""1"":63181,""3"":36,""37"":0,""48"":80,""49"":29,""224"":""AC8="",""225"":63181,""226"":36,""227"":281474976710656,""228"":0,""229"":0,""230"":0,""231"":0}",1.269,1879358279721201700
1751965086000,2025-07-08 16:58:06.000,104.196837,35.956117,104.19034506644084,35.95012613428113,104.187654,35.950301,2.0,243.0,9663.9,1.0,1,612042023200066,"{""1"":96639,""3"":0,""37"":0,""48"":80,""49"":22,""224"":""AC8="",""225"":96639,""226"":0,""227"":281474976710656,""228"":0,""229"":0,""230"":0,""231"":0}",0.18,1879347316192227300
1751965086000,2025-07-08 16:58:06.000,104.196842,35.956121,104.19035005729609,35.95013012631396,104.187659,35.950305,1.0,0.0,11186.6,1.0,1,612042023200098,"{""1"":111866,""3"":0,""37"":0,""48"":80,""49"":28,""224"":""AC8="",""225"":111866,""226"":0,""227"":281474976710656,""228"":0,""229"":0,""230"":0,""231"":0}",0.0,1879353494011949000
1751965086000,2025-07-08 16:58:06.000,104.196869,35.956076,104.190376006119,35.950085069221544,104.187685,35.95026,5.0,321.0,6318.1,1.0,1,612042023200085,"{""1"":63181,""3"":39,""37"":0,""48"":80,""49"":29,""224"":""AC8="",""225"":63181,""226"":39,""227"":281474976710656,""228"":0,""229"":0,""230"":0,""231"":0}",0.982,1879358279721201700
1751965087000,2025-07-08 16:58:07.000,104.196836,35.956116,104.1903440682588,35.95012513582697,104.187653,35.9503,1.0,0.0,9663.9,1.0,1,612042023200066,"{""1"":96639,""3"":0,""37"":0,""48"":80,""49"":22,""224"":""AC8="",""225"":96639,""226"":0,""227"":281474976710656,""228"":0,""229"":0,""230"":0,""231"":0}",0.143,1879347316192227300
1751965087000,2025-07-08 16:58:07.000,104.196841,35.956122,104.19034905922432,35.95013112833596,104.187658,35.950306,1.0,0.0,11186.6,1.0,1,612042023200098,"{""1"":111866,""3"":0,""37"":0,""48"":80,""49"":29,""224"":""AC8="",""225"":111866,""226"":0,""227"":281474976710656,""228"":0,""229"":0,""230"":0,""231"":0}",0.143,1879353494011949000
1751965087000,2025-07-08 16:58:07.000,104.196864,35.956082,104.19037101581348,35.95009107956834,104.18768,35.950266,4.0,326.0,6318.1,1.0,1,612042023200085,"{""1"":63181,""3"":34,""37"":0,""48"":80,""49"":28,""224"":""AC8="",""225"":63181,""226"":34,""227"":281474976710656,""228"":0,""229"":0,""230"":0,""231"":0}",0.805,1879358279721201700
1751965088000,2025-07-08 16:58:08.000,104.196836,35.956115,104.19034406820364,35.950124135588865,104.187653,35.950299,0.0,0.0,9663.9,1.0,1,612042023200066,"{""1"":96639,""3"":0,""37"":0,""48"":80,""49"":22,""224"":""AC8="",""225"":96639,""226"":0,""227"":281474976710656,""228"":0,""229"":0,""230"":0,""231"":0}",0.111,1879347316192227300
1751965088000,2025-07-08 16:58:08.000,104.19684,35.95612,104.19034806098703,35.950129129643656,104.187657,35.950304,0.0,0.0,11186.6,1.0,1,612042023200098,"{""1"":111866,""3"":0,""37"":0,""48"":80,""49"":29,""224"":""AC8="",""225"":111866,""226"":0,""227"":281474976710656,""228"":0,""229"":0,""230"":0,""231"":0}",0.24,1879353494011949000
1751965088000,2025-07-08 16:58:08.000,104.196859,35.956089,104.19036602556352,35.950098090153546,104.187675,35.950273,5.0,337.0,6318.1,1.0,1,612042023200085,"{""1"":63181,""3"":29,""37"":16,""48"":80,""49"":28,""224"":""AC8="",""225"":63181,""226"":29,""227"":282574488338432,""228"":0,""229"":2120,""230"":0,""231"":0}",0.9,1879358279721201700
1751965089000,2025-07-08 16:58:09.000,104.196838,35.956117,104.19034606456772,35.95012613249718,104.187655,35.950301,1.0,0.0,9663.9,1.0,1,612042023200066,"{""1"":96639,""3"":0,""37"":0,""48"":80,""49"":21,""224"":""AC8="",""225"":96639,""226"":0,""227"":281474976710656,""228"":0,""229"":0,""230"":0,""231"":0}",0.286,1879347316192227300
1751965089000,2025-07-08 16:58:09.000,104.196841,35.956119,104.1903490590588,35.95012812762163,104.187658,35.950303,0.0,0.0,11186.6,1.0,1,612042023200098,"{""1"":111866,""3"":0,""37"":0,""48"":80,""49"":29,""224"":""AC8="",""225"":111866,""226"":0,""227"":281474976710656,""228"":0,""229"":0,""230"":0,""231"":0}",0.143,1879353494011949000
1751965089000,2025-07-08 16:58:09.000,104.196857,35.956092,104.1903640294747,35.95010109443533,104.187673,35.950276,1.0,0.0,6318.1,1.0,1,612042023200085,"{""1"":63181,""3"":14,""37"":0,""48"":80,""49"":29,""224"":""AC8="",""225"":63181,""226"":14,""227"":281474976710656,""228"":0,""229"":0,""230"":0,""231"":0}",0.379,1879358279721201700
1751965090000,2025-07-08 16:58:10.000,104.196841,35.956116,104.19034905889326,35.9501251269073,104.187658,35.9503,1.0,0.0,9663.9,1.0,1,612042023200066,"{""1"":96639,""3"":0,""37"":0,""48"":80,""49"":22,""224"":""AC8="",""225"":96639,""226"":0,""227"":281474976710656,""228"":0,""229"":0,""230"":0,""231"":0}",0.292,1879347316192227300
1751965090000,2025-07-08 16:58:10.000,104.196841,35.956121,104.19034905916917,35.950130128097854,104.187658,35.950305,1.0,0.0,11186.6,1.0,1,612042023200098,"{""1"":111866,""3"":0,""37"":0,""48"":80,""49"":29,""224"":""AC8="",""225"":111866,""226"":0,""227"":281474976710656,""228"":0,""229"":0,""230"":0,""231"":0}",0.222,1879353494011949000
1751965090000,2025-07-08 16:58:10.000,104.196854,35.956094,104.1903610352036,35.950103100262794,104.18767,35.950278,3.0,309.0,6318.1,1.0,1,612042023200085,"{""1"":63181,""3"":19,""37"":16,""48"":80,""49"":29,""224"":""AC8="",""225"":63181,""226"":19,""227"":282574488338432,""228"":0,""229"":1960,""230"":0,""231"":0}",0.35,1879358279721201700
1751965091000,2025-07-08 16:58:11.000,104.196841,35.956118,104.1903490590036,35.950127127383524,104.187658,35.950302,2.0,0.0,9663.9,1.0,1,612042023200066,"{""1"":96639,""3"":0,""37"":0,""48"":80,""49"":22,""224"":""AC8="",""225"":96639,""226"":0,""227"":281474976710656,""228"":0,""229"":0,""230"":0,""231"":0}",0.222,1879347316192227300
1751965091000,2025-07-08 16:58:11.000,104.196842,35.956119,104.19035005718573,35.950128125837736,104.187659,35.950303,1.0,0.0,11186.6,1.0,1,612042023200098,"{""1"":111866,""3"":0,""37"":0,""48"":80,""49"":28,""224"":""AC8="",""225"":111866,""226"":0,""227"":281474976710656,""228"":0,""229"":0,""230"":0,""231"":0}",0.24,1879353494011949000
1751965091000,2025-07-08 16:58:11.000,104.196849,35.956095,104.1903560446234,35.95010410941986,104.187665,35.950279,1.0,0.0,6318.1,1.0,1,612042023200085,"{""1"":63181,""3"":12,""37"":16,""48"":80,""49"":29,""224"":""AC8="",""225"":63181,""226"":12,""227"":282574488338432,""228"":0,""229"":2039,""230"":0,""231"":0}",0.463,1879358279721201700
1751965092000,2025-07-08 16:58:12.000,104.19684,35.956118,104.1903480608767,35.950127129167434,104.187657,35.950302,1.0,0.0,9663.9,1.0,1,612042023200066,"{""1"":96639,""3"":0,""37"":0,""48"":80,""49"":21,""224"":""AC8="",""225"":96639,""226"":0,""227"":281474976710656,""228"":0,""229"":0,""230"":0,""231"":0}",0.09,1879347316192227300
1751965092000,2025-07-08 16:58:12.000,104.196842,35.956119,104.19035005718573,35.950128125837736,104.187659,35.950303,0.0,0.0,11186.6,1.0,1,612042023200098,"{""1"":111866,""3"":0,""37"":0,""48"":80,""49"":28,""224"":""AC8="",""225"":111866,""226"":0,""227"":281474976710656,""228"":0,""229"":0,""230"":0,""231"":0}",0.0,1879353494011949000
1751965092000,2025-07-08 16:58:12.000,104.196849,35.956094,104.1903560445682,35.95010310918173,104.187665,35.950278,0.0,0.0,6318.1,1.0,1,612042023200085,"{""1"":63181,""3"":0,""37"":16,""48"":80,""49"":27,""224"":""AC8="",""225"":63181,""226"":0,""227"":282574488338432,""228"":0,""229"":2520,""230"":0,""231"":0}",0.111,1879358279721201700
1751965093000,2025-07-08 16:58:13.000,104.19684,35.956118,104.1903480608767,35.950127129167434,104.187657,35.950302,1.0,0.0,9663.9,1.0,1,612042023200066,"{""1"":96639,""3"":0,""37"":0,""48"":80,""49"":20,""224"":""AC8="",""225"":96639,""226"":0,""227"":281474976710656,""228"":0,""229"":0,""230"":0,""231"":0}",0.0,1879347316192227300
1751965093000,2025-07-08 16:58:13.000,104.196842,35.956119,104.19035005718573,35.950128125837736,104.187659,35.950303,0.0,0.0,11186.6,1.0,1,612042023200098,"{""1"":111866,""3"":0,""37"":0,""48"":80,""49"":28,""224"":""AC8="",""225"":111866,""226"":0,""227"":281474976710656,""228"":0,""229"":0,""230"":0,""231"":0}",0.0,1879353494011949000
1751965093000,2025-07-08 16:58:13.000,104.196849,35.956094,104.1903560445682,35.95010310918173,104.187665,35.950278,0.0,0.0,6318.1,1.0,1,612042023200085,"{""1"":63181,""3"":0,""37"":16,""48"":80,""49"":27,""224"":""AC8="",""225"":63181,""226"":0,""227"":282574488338432,""228"":0,""229"":2440,""230"":0,""231"":0}",0.0,1879358279721201700
1751965094000,2025-07-08 16:58:14.000,104.196839,35.956116,104.19034706263945,35.950125130475136,104.187656,35.9503,0.0,0.0,9663.9,1.0,1,612042023200066,"{""1"":96639,""3"":0,""37"":0,""48"":80,""49"":20,""224"":""AC8="",""225"":96639,""226"":0,""227"":281474976710656,""228"":0,""229"":0,""230"":0,""231"":0}",0.24,1879347316192227300
1751965094000,2025-07-08 16:58:14.000,104.196843,35.956119,104.19035105531268,35.950128124053855,104.18766,35.950303,1.0,0.0,11186.6,1.0,1,612042023200098,"{""1"":111866,""3"":0,""37"":0,""48"":80,""49"":29,""224"":""AC8="",""225"":111866,""226"":0,""227"":281474976710656,""228"":0,""229"":0,""230"":0,""231"":0}",0.09,1879353494011949000
1751965094000,2025-07-08 16:58:14.000,104.196849,35.956093,104.19035604451302,35.95010210894362,104.187665,35.950277,0.0,0.0,6318.1,1.0,1,612042023200085,"{""1"":63181,""3"":0,""37"":0,""48"":80,""49"":27,""224"":""AC8="",""225"":63181,""226"":0,""227"":281474976710656,""228"":0,""229"":0,""230"":0,""231"":0}",0.111,1879358279721201700
1751965095000,2025-07-08 16:58:15.000,104.196841,35.956116,104.19034905889326,35.9501251269073,104.187658,35.9503,1.0,0.0,9663.9,1.0,1,612042023200066,"{""1"":96639,""3"":0,""37"":0,""48"":80,""49"":21,""224"":""AC8="",""225"":96639,""226"":0,""227"":281474976710656,""228"":0,""229"":0,""230"":0,""231"":0}",0.18,1879347316192227300
1751965095000,2025-07-08 16:58:15.000,104.196843,35.95612,104.19035105536786,35.95012912429197,104.18766,35.950304,1.0,0.0,11186.6,1.0,1,612042023200098,"{""1"":111866,""3"":0,""37"":0,""48"":80,""49"":29,""224"":""AC8="",""225"":111866,""226"":0,""227"":281474976710656,""228"":0,""229"":0,""230"":0,""231"":0}",0.111,1879353494011949000
1751965095000,2025-07-08 16:58:15.000,104.196849,35.956093,104.19035604451302,35.95010210894362,104.187665,35.950277,0.0,0.0,6318.1,1.0,1,612042023200085,"{""1"":63181,""3"":0,""37"":0,""48"":80,""49"":27,""224"":""AC8="",""225"":63181,""226"":0,""227"":281474976710656,""228"":0,""229"":0,""230"":0,""231"":0}",0.0,1879358279721201700
1751965096000,2025-07-08 16:58:16.000,104.196842,35.956116,104.1903500570202,35.95012512512341,104.187659,35.9503,1.0,0.0,9663.9,1.0,1,612042023200066,"{""1"":96639,""3"":0,""37"":0,""48"":80,""49"":21,""224"":""AC8="",""225"":96639,""226"":0,""227"":281474976710656,""228"":0,""229"":0,""230"":0,""231"":0}",0.09,1879347316192227300
1751965096000,2025-07-08 16:58:16.000,104.196842,35.956118,104.19035005713054,35.95012712559963,104.187659,35.950302,1.0,0.0,11186.6,1.0,1,612042023200098,"{""1"":111866,""3"":0,""37"":0,""48"":80,""49"":29,""224"":""AC8="",""225"":111866,""226"":0,""227"":281474976710656,""228"":0,""229"":0,""230"":0,""231"":0}",0.24,1879353494011949000
1751965096000,2025-07-08 16:58:16.000,104.196849,35.956092,104.19035604445784,35.950101108705496,104.187665,35.950276,0.0,0.0,6318.1,1.0,1,612042023200085,"{""1"":63181,""3"":0,""37"":0,""48"":80,""49"":28,""224"":""AC8="",""225"":63181,""226"":0,""227"":281474976710656,""228"":0,""229"":0,""230"":0,""231"":0}",0.111,1879358279721201700
1751965097000,2025-07-08 16:58:17.000,104.19684,35.956114,104.19034806065598,35.95012312821499,104.187657,35.950298,2.0,0.0,9663.9,1.0,1,612042023200066,"{""1"":96639,""3"":0,""37"":0,""48"":80,""49"":21,""224"":""AC8="",""225"":96639,""226"":0,""227"":281474976710656,""228"":0,""229"":0,""230"":0,""231"":0}",0.286,1879347316192227300
1751965097000,2025-07-08 16:58:17.000,104.196842,35.956118,104.19035005713054,35.95012712559963,104.187659,35.950302,1.0,0.0,11186.6,1.0,1,612042023200098,"{""1"":111866,""3"":0,""37"":0,""48"":80,""49"":29,""224"":""AC8="",""225"":111866,""226"":0,""227"":281474976710656,""228"":0,""229"":0,""230"":0,""231"":0}",0.0,1879353494011949000
1751965097000,2025-07-08 16:58:17.000,104.196849,35.956091,104.19035604440266,35.950100108467375,104.187665,35.950275,0.0,0.0,6318.1,1.0,1,612042023200085,"{""1"":63181,""3"":0,""37"":0,""48"":80,""49"":28,""224"":""AC8="",""225"":63181,""226"":0,""227"":281474976710656,""228"":0,""229"":0,""230"":0,""231"":0}",0.111,1879358279721201700
1751965098000,2025-07-08 16:58:18.000,104.196839,35.956114,104.19034706252909,35.950123129998914,104.187656,35.950298,0.0,0.0,9663.9,1.0,1,612042023200066,"{""1"":96639,""3"":0,""37"":0,""48"":80,""49"":21,""224"":""AC8="",""225"":96639,""226"":0,""227"":281474976710656,""228"":0,""229"":0,""230"":0,""231"":0}",0.09,1879347316192227300
1751965098000,2025-07-08 16:58:18.000,104.196842,35.956116,104.1903500570202,35.95012512512341,104.187659,35.9503,2.0,0.0,11186.6,1.0,1,612042023200098,"{""1"":111866,""3"":0,""37"":0,""48"":80,""49"":29,""224"":""AC8="",""225"":111866,""226"":0,""227"":281474976710656,""228"":0,""229"":0,""230"":0,""231"":0}",0.222,1879353494011949000
1751965098000,2025-07-08 16:58:18.000,104.196848,35.95609,104.19035504622046,35.95009911001308,104.187664,35.950274,0.0,0.0,6318.1,1.0,1,612042023200085,"{""1"":63181,""3"":0,""37"":0,""48"":80,""49"":28,""224"":""AC8="",""225"":63181,""226"":0,""227"":281474976710656,""228"":0,""229"":0,""230"":0,""231"":0}",0.143,1879358279721201700
1751965099000,2025-07-08 16:58:19.000,104.196838,35.956113,104.190346064347,35.95012213154474,104.187655,35.950297,2.0,228.0,9663.9,1.0,1,612042023200066,"{""1"":96639,""3"":0,""37"":0,""48"":80,""49"":21,""224"":""AC8="",""225"":96639,""226"":0,""227"":281474976710656,""228"":0,""229"":0,""230"":0,""231"":0}",0.143,1879347316192227300
1751965099000,2025-07-08 16:58:19.000,104.196842,35.956117,104.19035005707536,35.95012612536152,104.187659,35.950301,0.0,0.0,11186.6,1.0,1,612042023200098,"{""1"":111866,""3"":0,""37"":0,""48"":80,""49"":29,""224"":""AC8="",""225"":111866,""226"":0,""227"":281474976710656,""228"":0,""229"":0,""230"":0,""231"":0}",0.111,1879353494011949000
1751965099000,2025-07-08 16:58:19.000,104.196848,35.95609,104.19035504622046,35.95009911001308,104.187664,35.950274,0.0,0.0,6318.1,1.0,1,612042023200085,"{""1"":63181,""3"":0,""37"":0,""48"":80,""49"":28,""224"":""AC8="",""225"":63181,""226"":0,""227"":281474976710656,""228"":0,""229"":0,""230"":0,""231"":0}",0.0,1879358279721201700
1751965100000,2025-07-08 16:58:20.000,104.196837,35.956113,104.19034506622012,35.950122133328684,104.187654,35.950297,1.0,0.0,9663.9,1.0,1,612042023200066,"{""1"":96639,""3"":0,""37"":0,""48"":80,""49"":21,""224"":""AC8="",""225"":96639,""226"":0,""227"":281474976710656,""228"":0,""229"":0,""230"":0,""231"":0}",0.09,1879347316192227300
1751965100000,2025-07-08 16:58:20.000,104.196842,35.956118,104.19035005713054,35.95012712559963,104.187659,35.950302,0.0,0.0,11186.6,1.0,1,612042023200098,"{""1"":111866,""3"":0,""37"":0,""48"":80,""49"":29,""224"":""AC8="",""225"":111866,""226"":0,""227"":281474976710656,""228"":0,""229"":0,""230"":0,""231"":0}",0.111,1879353494011949000
1751965100000,2025-07-08 16:58:20.000,104.196848,35.956089,104.19035504616528,35.95009810977496,104.187664,35.950273,0.0,0.0,6318.1,1.0,1,612042023200085,"{""1"":63181,""3"":0,""37"":0,""48"":80,""49"":28,""224"":""AC8="",""225"":63181,""226"":0,""227"":281474976710656,""228"":0,""229"":0,""230"":0,""231"":0}",0.111,1879358279721201700
1751965101000,2025-07-08 16:58:21.000,104.196837,35.956113,104.19034506622012,35.950122133328684,104.187654,35.950297,1.0,0.0,9663.9,1.0,1,612042023200066,"{""1"":96639,""3"":0,""37"":0,""48"":80,""49"":21,""224"":""AC8="",""225"":96639,""226"":0,""227"":281474976710656,""228"":0,""229"":0,""230"":0,""231"":0}",0.0,1879347316192227300
1751965101000,2025-07-08 16:58:21.000,104.196842,35.956119,104.19035005718573,35.950128125837736,104.187659,35.950303,1.0,0.0,11186.6,1.0,1,612042023200098,"{""1"":111866,""3"":0,""37"":0,""48"":80,""49"":29,""224"":""AC8="",""225"":111866,""226"":0,""227"":281474976710656,""228"":0,""229"":0,""230"":0,""231"":0}",0.111,1879353494011949000
1751965101000,2025-07-08 16:58:21.000,104.196848,35.956089,104.19035504616528,35.95009810977496,104.187664,35.950273,0.0,0.0,6318.1,1.0,1,612042023200085,"{""1"":63181,""3"":0,""37"":0,""48"":80,""49"":28,""224"":""AC8="",""225"":63181,""226"":0,""227"":281474976710656,""228"":0,""229"":0,""230"":0,""231"":0}",0.0,1879358279721201700
1751965102000,2025-07-08 16:58:22.000,104.19684,35.956116,104.19034806076634,35.95012512869121,104.187657,35.9503,1.0,0.0,9663.9,1.0,1,612042023200066,"{""1"":96639,""3"":0,""37"":0,""48"":80,""49"":21,""224"":""AC8="",""225"":96639,""226"":0,""227"":281474976710656,""228"":0,""229"":0,""230"":0,""231"":0}",0.428,1879347316192227300
1751965102000,2025-07-08 16:58:22.000,104.196842,35.956118,104.19035005713054,35.95012712559963,104.187659,35.950302,1.0,0.0,11186.6,1.0,1,612042023200098,"{""1"":111866,""3"":0,""37"":0,""48"":80,""49"":29,""224"":""AC8="",""225"":111866,""226"":0,""227"":281474976710656,""228"":0,""229"":0,""230"":0,""231"":0}",0.111,1879353494011949000
1751965102000,2025-07-08 16:58:22.000,104.196848,35.956089,104.19035504616528,35.95009810977496,104.187664,35.950273,0.0,0.0,6318.1,1.0,1,612042023200085,"{""1"":63181,""3"":0,""37"":0,""48"":80,""49"":27,""224"":""AC8="",""225"":63181,""226"":0,""227"":281474976710656,""228"":0,""229"":0,""230"":0,""231"":0}",0.0,1879358279721201700
1751965103000,2025-07-08 16:58:23.000,104.19684,35.956116,104.19034806076634,35.95012512869121,104.187657,35.9503,0.0,0.0,9663.9,1.0,1,612042023200066,"{""1"":96639,""3"":0,""37"":0,""48"":80,""49"":21,""224"":""AC8="",""225"":96639,""226"":0,""227"":281474976710656,""228"":0,""229"":0,""230"":0,""231"":0}",0.0,1879347316192227300
1751965103000,2025-07-08 16:58:23.000,104.196842,35.956119,104.19035005718573,35.950128125837736,104.187659,35.950303,0.0,0.0,11186.6,1.0,1,612042023200098,"{""1"":111866,""3"":0,""37"":0,""48"":80,""49"":29,""224"":""AC8="",""225"":111866,""226"":0,""227"":281474976710656,""228"":0,""229"":0,""230"":0,""231"":0}",0.111,1879353494011949000
1751965103000,2025-07-08 16:58:23.000,104.196847,35.956089,104.19035404803826,35.950098111558795,104.187663,35.950273,0.0,0.0,6318.1,1.0,1,612042023200085,"{""1"":63181,""3"":0,""37"":0,""48"":80,""49"":27,""224"":""AC8="",""225"":63181,""226"":0,""227"":281474976710656,""228"":0,""229"":0,""230"":0,""231"":0}",0.09,1879358279721201700
1751965104000,2025-07-08 16:58:24.000,104.196841,35.956116,104.19034905889326,35.9501251269073,104.187658,35.9503,0.0,0.0,9663.9,1.0,1,612042023200066,"{""1"":96639,""3"":0,""37"":0,""48"":80,""49"":21,""224"":""AC8="",""225"":96639,""226"":0,""227"":281474976710656,""228"":0,""229"":0,""230"":0,""231"":0}",0.09,1879347316192227300
1751965104000,2025-07-08 16:58:24.000,104.196843,35.956119,104.19035105531268,35.950128124053855,104.18766,35.950303,1.0,0.0,11186.6,1.0,1,612042023200098,"{""1"":111866,""3"":0,""37"":0,""48"":80,""49"":28,""224"":""AC8="",""225"":111866,""226"":0,""227"":281474976710656,""228"":0,""229"":0,""230"":0,""231"":0}",0.09,1879353494011949000
1751965104000,2025-07-08 16:58:24.000,104.196847,35.956089,104.19035404803826,35.950098111558795,104.187663,35.950273,0.0,0.0,6318.1,1.0,1,612042023200085,"{""1"":63181,""3"":0,""37"":0,""48"":80,""49"":28,""224"":""AC8="",""225"":63181,""226"":0,""227"":281474976710656,""228"":0,""229"":0,""230"":0,""231"":0}",0.0,1879358279721201700
1751965105000,2025-07-08 16:58:25.000,104.196841,35.956115,104.19034905883808,35.950124126669195,104.187658,35.950299,0.0,0.0,9663.9,1.0,1,612042023200066,"{""1"":96639,""3"":0,""37"":0,""48"":80,""49"":21,""224"":""AC8="",""225"":96639,""226"":0,""227"":281474976710656,""228"":0,""229"":0,""230"":0,""231"":0}",0.111,1879347316192227300
1751965105000,2025-07-08 16:58:25.000,104.196842,35.956119,104.19035005718573,35.950128125837736,104.187659,35.950303,1.0,0.0,11186.6,1.0,1,612042023200098,"{""1"":111866,""3"":0,""37"":0,""48"":80,""49"":29,""224"":""AC8="",""225"":111866,""226"":0,""227"":281474976710656,""228"":0,""229"":0,""230"":0,""231"":0}",0.09,1879353494011949000
1751965105000,2025-07-08 16:58:25.000,104.196847,35.956089,104.19035404803826,35.950098111558795,104.187663,35.950273,0.0,0.0,6318.1,1.0,1,612042023200085,"{""1"":63181,""3"":0,""37"":0,""48"":80,""49"":28,""224"":""AC8="",""225"":63181,""226"":0,""227"":281474976710656,""228"":0,""229"":0,""230"":0,""231"":0}",0.0,1879358279721201700
1751965106000,2025-07-08 16:58:26.000,104.196841,35.956115,104.19034905883808,35.950124126669195,104.187658,35.950299,0.0,0.0,9663.9,1.0,1,612042023200066,"{""1"":96639,""3"":0,""37"":0,""48"":80,""49"":22,""224"":""AC8="",""225"":96639,""226"":0,""227"":281474976710656,""228"":0,""229"":0,""230"":0,""231"":0}",0.0,1879347316192227300
1751965106000,2025-07-08 16:58:26.000,104.196843,35.956119,104.19035105531268,35.950128124053855,104.18766,35.950303,1.0,0.0,11186.6,1.0,1,612042023200098,"{""1"":111866,""3"":0,""37"":0,""48"":80,""49"":29,""224"":""AC8="",""225"":111866,""226"":0,""227"":281474976710656,""228"":0,""229"":0,""230"":0,""231"":0}",0.09,1879353494011949000
1751965106000,2025-07-08 16:58:26.000,104.196847,35.956089,104.19035404803826,35.950098111558795,104.187663,35.950273,0.0,0.0,6318.1,1.0,1,612042023200085,"{""1"":63181,""3"":0,""37"":0,""48"":80,""49"":28,""224"":""AC8="",""225"":63181,""226"":0,""227"":281474976710656,""228"":0,""229"":0,""230"":0,""231"":0}",0.0,1879358279721201700
1751965107000,2025-07-08 16:58:27.000,104.196841,35.956115,104.19034905883808,35.950124126669195,104.187658,35.950299,1.0,0.0,9663.9,1.0,1,612042023200066,"{""1"":96639,""3"":0,""37"":0,""48"":80,""49"":21,""224"":""AC8="",""225"":96639,""226"":0,""227"":281474976710656,""228"":0,""229"":0,""230"":0,""231"":0}",0.0,1879347316192227300
1751965107000,2025-07-08 16:58:27.000,104.196843,35.95612,104.19035105536786,35.95012912429197,104.18766,35.950304,1.0,0.0,11186.6,1.0,1,612042023200098,"{""1"":111866,""3"":0,""37"":0,""48"":80,""49"":29,""224"":""AC8="",""225"":111866,""226"":0,""227"":281474976710656,""228"":0,""229"":0,""230"":0,""231"":0}",0.111,1879353494011949000
1751965107000,2025-07-08 16:58:27.000,104.196847,35.956089,104.19035404803826,35.950098111558795,104.187663,35.950273,0.0,0.0,6318.1,1.0,1,612042023200085,"{""1"":63181,""3"":0,""37"":0,""48"":80,""49"":27,""224"":""AC8="",""225"":63181,""226"":0,""227"":281474976710656,""228"":0,""229"":0,""230"":0,""231"":0}",0.0,1879358279721201700
1751965108000,2025-07-08 16:58:28.000,104.196841,35.956115,104.19034905883808,35.950124126669195,104.187658,35.950299,0.0,0.0,9663.9,1.0,1,612042023200066,"{""1"":96639,""3"":0,""37"":0,""48"":80,""49"":20,""224"":""AC8="",""225"":96639,""226"":0,""227"":281474976710656,""228"":0,""229"":0,""230"":0,""231"":0}",0.0,1879347316192227300
1751965108000,2025-07-08 16:58:28.000,104.196842,35.956119,104.19035005718573,35.950128125837736,104.187659,35.950303,1.0,0.0,11186.6,1.0,1,612042023200098,"{""1"":111866,""3"":0,""37"":0,""48"":80,""49"":29,""224"":""AC8="",""225"":111866,""226"":0,""227"":281474976710656,""228"":0,""229"":0,""230"":0,""231"":0}",0.143,1879353494011949000
1751965108000,2025-07-08 16:58:28.000,104.196847,35.956088,104.19035404798308,35.950097111320666,104.187663,35.950272,0.0,0.0,6318.1,1.0,1,612042023200085,"{""1"":63181,""3"":0,""37"":0,""48"":80,""49"":27,""224"":""AC8="",""225"":63181,""226"":0,""227"":281474976710656,""228"":0,""229"":0,""230"":0,""231"":0}",0.111,1879358279721201700
1751965109000,2025-07-08 16:58:29.000,104.196841,35.956115,104.19034905883808,35.950124126669195,104.187658,35.950299,0.0,0.0,9663.9,1.0,1,612042023200066,"{""1"":96639,""3"":0,""37"":0,""48"":80,""49"":21,""224"":""AC8="",""225"":96639,""226"":0,""227"":281474976710656,""228"":0,""229"":0,""230"":0,""231"":0}",0.0,1879347316192227300
1751965109000,2025-07-08 16:58:29.000,104.196842,35.956119,104.19035005718573,35.950128125837736,104.187659,35.950303,1.0,0.0,11186.6,1.0,1,612042023200098,"{""1"":111866,""3"":0,""37"":0,""48"":80,""49"":29,""224"":""AC8="",""225"":111866,""226"":0,""227"":281474976710656,""228"":0,""229"":0,""230"":0,""231"":0}",0.0,1879353494011949000
1751965109000,2025-07-08 16:58:29.000,104.196847,35.956088,104.19035404798308,35.950097111320666,104.187663,35.950272,0.0,0.0,6318.1,1.0,1,612042023200085,"{""1"":63181,""3"":0,""37"":0,""48"":80,""49"":27,""224"":""AC8="",""225"":63181,""226"":0,""227"":281474976710656,""228"":0,""229"":0,""230"":0,""231"":0}",0.0,1879358279721201700
1751965110000,2025-07-08 16:58:30.000,104.19684,35.956114,104.19034806065598,35.95012312821499,104.187657,35.950298,1.0,0.0,9663.9,1.0,1,612042023200066,"{""1"":96639,""3"":0,""37"":0,""48"":80,""49"":21,""224"":""AC8="",""225"":96639,""226"":0,""227"":281474976710656,""228"":0,""229"":0,""230"":0,""231"":0}",0.143,1879347316192227300
1751965110000,2025-07-08 16:58:30.000,104.196842,35.95612,104.1903500572409,35.95012912607585,104.187659,35.950304,0.0,0.0,11186.6,1.0,1,612042023200098,"{""1"":111866,""3"":0,""37"":0,""48"":80,""49"":29,""224"":""AC8="",""225"":111866,""226"":0,""227"":281474976710656,""228"":0,""229"":0,""230"":0,""231"":0}",0.111,1879353494011949000
1751965110000,2025-07-08 16:58:30.000,104.196848,35.956088,104.1903550461101,35.950097109536834,104.187664,35.950272,0.0,0.0,6318.1,1.0,1,612042023200085,"{""1"":63181,""3"":0,""37"":0,""48"":80,""49"":27,""224"":""AC8="",""225"":63181,""226"":0,""227"":281474976710656,""228"":0,""229"":0,""230"":0,""231"":0}",0.09,1879358279721201700
1751965111000,2025-07-08 16:58:31.000,104.196841,35.956115,104.19034905883808,35.950124126669195,104.187658,35.950299,1.0,0.0,9663.9,1.0,1,612042023200066,"{""1"":96639,""3"":0,""37"":0,""48"":80,""49"":21,""224"":""AC8="",""225"":96639,""226"":0,""227"":281474976710656,""228"":0,""229"":0,""230"":0,""231"":0}",0.143,1879347316192227300
1751965111000,2025-07-08 16:58:31.000,104.196842,35.95612,104.1903500572409,35.95012912607585,104.187659,35.950304,1.0,0.0,11186.6,1.0,1,612042023200098,"{""1"":111866,""3"":0,""37"":0,""48"":80,""49"":29,""224"":""AC8="",""225"":111866,""226"":0,""227"":281474976710656,""228"":0,""229"":0,""230"":0,""231"":0}",0.0,1879353494011949000
1751965111000,2025-07-08 16:58:31.000,104.196848,35.956088,104.1903550461101,35.950097109536834,104.187664,35.950272,0.0,0.0,6318.1,1.0,1,612042023200085,"{""1"":63181,""3"":0,""37"":0,""48"":80,""49"":27,""224"":""AC8="",""225"":63181,""226"":0,""227"":281474976710656,""228"":0,""229"":0,""230"":0,""231"":0}",0.0,1879358279721201700
1751965112000,2025-07-08 16:58:32.000,104.196841,35.956116,104.19034905889326,35.9501251269073,104.187658,35.9503,1.0,0.0,9663.9,1.0,1,612042023200066,"{""1"":96639,""3"":0,""37"":0,""48"":80,""49"":20,""224"":""AC8="",""225"":96639,""226"":0,""227"":281474976710656,""228"":0,""229"":0,""230"":0,""231"":0}",0.111,1879347316192227300
1751965112000,2025-07-08 16:58:32.000,104.196843,35.95612,104.19035105536786,35.95012912429197,104.18766,35.950304,1.0,0.0,11186.6,1.0,1,612042023200098,"{""1"":111866,""3"":0,""37"":0,""48"":80,""49"":29,""224"":""AC8="",""225"":111866,""226"":0,""227"":281474976710656,""228"":0,""229"":0,""230"":0,""231"":0}",0.09,1879353494011949000
1751965112000,2025-07-08 16:58:32.000,104.196848,35.956088,104.1903550461101,35.950097109536834,104.187664,35.950272,0.0,0.0,6318.1,1.0,1,612042023200085,"{""1"":63181,""3"":0,""37"":0,""48"":80,""49"":28,""224"":""AC8="",""225"":63181,""226"":0,""227"":281474976710656,""228"":0,""229"":0,""230"":0,""231"":0}",0.0,1879358279721201700
1751965113000,2025-07-08 16:58:33.000,104.196841,35.956116,104.19034905889326,35.9501251269073,104.187658,35.9503,1.0,0.0,9663.9,1.0,1,612042023200066,"{""1"":96639,""3"":0,""37"":0,""48"":80,""49"":20,""224"":""AC8="",""225"":96639,""226"":0,""227"":281474976710656,""228"":0,""229"":0,""230"":0,""231"":0}",0.0,1879347316192227300
1751965113000,2025-07-08 16:58:33.000,104.196842,35.956119,104.19035005718573,35.950128125837736,104.187659,35.950303,0.0,0.0,11186.6,1.0,1,612042023200098,"{""1"":111866,""3"":0,""37"":0,""48"":80,""49"":29,""224"":""AC8="",""225"":111866,""226"":0,""227"":281474976710656,""228"":0,""229"":0,""230"":0,""231"":0}",0.143,1879353494011949000
1751965113000,2025-07-08 16:58:33.000,104.196848,35.956088,104.1903550461101,35.950097109536834,104.187664,35.950272,0.0,0.0,6318.1,1.0,1,612042023200085,"{""1"":63181,""3"":0,""37"":0,""48"":80,""49"":28,""224"":""AC8="",""225"":63181,""226"":0,""227"":281474976710656,""228"":0,""229"":0,""230"":0,""231"":0}",0.0,1879358279721201700
1751965114000,2025-07-08 16:58:34.000,104.196843,35.956117,104.19035105520231,35.95012612357764,104.18766,35.950301,1.0,0.0,9663.9,1.0,1,612042023200066,"{""1"":96639,""3"":0,""37"":0,""48"":80,""49"":20,""224"":""AC8="",""225"":96639,""226"":0,""227"":281474976710656,""228"":0,""229"":0,""230"":0,""231"":0}",0.211,1879347316192227300
1751965114000,2025-07-08 16:58:34.000,104.196842,35.956119,104.19035005718573,35.950128125837736,104.187659,35.950303,0.0,0.0,11186.6,1.0,1,612042023200098,"{""1"":111866,""3"":0,""37"":0,""48"":80,""49"":29,""224"":""AC8="",""225"":111866,""226"":0,""227"":281474976710656,""228"":0,""229"":0,""230"":0,""231"":0}",0.0,1879353494011949000
1751965114000,2025-07-08 16:58:34.000,104.196848,35.956088,104.1903550461101,35.950097109536834,104.187664,35.950272,0.0,0.0,6318.1,1.0,1,612042023200085,"{""1"":63181,""3"":0,""37"":0,""48"":80,""49"":28,""224"":""AC8="",""225"":63181,""226"":0,""227"":281474976710656,""228"":0,""229"":0,""230"":0,""231"":0}",0.0,1879358279721201700
1751965115000,2025-07-08 16:58:35.000,104.196842,35.956116,104.1903500570202,35.95012512512341,104.187659,35.9503,0.0,0.0,9663.9,1.0,1,612042023200066,"{""1"":96639,""3"":0,""37"":0,""48"":80,""49"":20,""224"":""AC8="",""225"":96639,""226"":0,""227"":281474976710656,""228"":0,""229"":0,""230"":0,""231"":0}",0.143,1879347316192227300
1751965115000,2025-07-08 16:58:35.000,104.196842,35.956119,104.19035005718573,35.950128125837736,104.187659,35.950303,1.0,0.0,11186.6,1.0,1,612042023200098,"{""1"":111866,""3"":0,""37"":0,""48"":80,""49"":29,""224"":""AC8="",""225"":111866,""226"":0,""227"":281474976710656,""228"":0,""229"":0,""230"":0,""231"":0}",0.0,1879353494011949000
1751965115000,2025-07-08 16:58:35.000,104.196848,35.956088,104.1903550461101,35.950097109536834,104.187664,35.950272,0.0,0.0,6318.1,1.0,1,612042023200085,"{""1"":63181,""3"":0,""37"":0,""48"":80,""49"":27,""224"":""AC8="",""225"":63181,""226"":0,""227"":281474976710656,""228"":0,""229"":0,""230"":0,""231"":0}",0.0,1879358279721201700
1751965116000,2025-07-08 16:58:36.000,104.19684,35.956115,104.19034806071116,35.950124128453105,104.187657,35.950299,1.0,0.0,9663.9,1.0,1,612042023200066,"{""1"":96639,""3"":0,""37"":0,""48"":80,""49"":20,""224"":""AC8="",""225"":96639,""226"":0,""227"":281474976710656,""228"":0,""229"":0,""230"":0,""231"":0}",0.211,1879347316192227300
1751965116000,2025-07-08 16:58:36.000,104.196842,35.956119,104.19035005718573,35.950128125837736,104.187659,35.950303,0.0,0.0,11186.6,1.0,1,612042023200098,"{""1"":111866,""3"":0,""37"":0,""48"":80,""49"":28,""224"":""AC8="",""225"":111866,""226"":0,""227"":281474976710656,""228"":0,""229"":0,""230"":0,""231"":0}",0.0,1879353494011949000
1751965116000,2025-07-08 16:58:36.000,104.196848,35.956088,104.1903550461101,35.950097109536834,104.187664,35.950272,0.0,0.0,6318.1,1.0,1,612042023200085,"{""1"":63181,""3"":0,""37"":0,""48"":80,""49"":27,""224"":""AC8="",""225"":63181,""226"":0,""227"":281474976710656,""228"":0,""229"":0,""230"":0,""231"":0}",0.0,1879358279721201700
1751965117000,2025-07-08 16:58:37.000,104.19684,35.956115,104.19034806071116,35.950124128453105,104.187657,35.950299,1.0,0.0,9663.9,1.0,1,612042023200066,"{""1"":96639,""3"":0,""37"":0,""48"":80,""49"":20,""224"":""AC8="",""225"":96639,""226"":0,""227"":281474976710656,""228"":0,""229"":0,""230"":0,""231"":0}",0.0,1879347316192227300
1751965117000,2025-07-08 16:58:37.000,104.196842,35.956118,104.19035005713054,35.95012712559963,104.187659,35.950302,1.0,0.0,11186.6,1.0,1,612042023200098,"{""1"":111866,""3"":0,""37"":0,""48"":80,""49"":28,""224"":""AC8="",""225"":111866,""226"":0,""227"":281474976710656,""228"":0,""229"":0,""230"":0,""231"":0}",0.111,1879353494011949000
1751965117000,2025-07-08 16:58:37.000,104.196848,35.956088,104.1903550461101,35.950097109536834,104.187664,35.950272,0.0,0.0,6318.1,1.0,1,612042023200085,"{""1"":63181,""3"":0,""37"":0,""48"":80,""49"":27,""224"":""AC8="",""225"":63181,""226"":0,""227"":281474976710656,""228"":0,""229"":0,""230"":0,""231"":0}",0.0,1879358279721201700
1751965118000,2025-07-08 16:58:38.000,104.196839,35.956116,104.19034706263945,35.950125130475136,104.187656,35.9503,2.0,0.0,9663.9,1.0,1,612042023200066,"{""1"":96639,""3"":0,""37"":0,""48"":80,""49"":20,""224"":""AC8="",""225"":96639,""226"":0,""227"":281474976710656,""228"":0,""229"":0,""230"":0,""231"":0}",0.143,1879347316192227300
1751965118000,2025-07-08 16:58:38.000,104.196842,35.956118,104.19035005713054,35.95012712559963,104.187659,35.950302,0.0,0.0,11186.6,1.0,1,612042023200098,"{""1"":111866,""3"":0,""37"":0,""48"":80,""49"":29,""224"":""AC8="",""225"":111866,""226"":0,""227"":281474976710656,""228"":0,""229"":0,""230"":0,""231"":0}",0.0,1879353494011949000
1751965118000,2025-07-08 16:58:38.000,104.196848,35.956088,104.1903550461101,35.950097109536834,104.187664,35.950272,0.0,0.0,6318.1,1.0,1,612042023200085,"{""1"":63181,""3"":0,""37"":0,""48"":80,""49"":27,""224"":""AC8="",""225"":63181,""226"":0,""227"":281474976710656,""228"":0,""229"":0,""230"":0,""231"":0}",0.0,1879358279721201700
1751965119000,2025-07-08 16:58:39.000,104.196839,35.956117,104.1903470626946,35.95012613071325,104.187656,35.950301,1.0,0.0,9663.9,1.0,1,612042023200066,"{""1"":96639,""3"":0,""37"":0,""48"":80,""49"":18,""224"":""AC8="",""225"":96639,""226"":0,""227"":281474976710656,""228"":0,""229"":0,""230"":0,""231"":0}",0.111,1879347316192227300
1751965119000,2025-07-08 16:58:39.000,104.196841,35.956118,104.1903490590036,35.950127127383524,104.187658,35.950302,1.0,0.0,11186.6,1.0,1,612042023200098,"{""1"":111866,""3"":0,""37"":0,""48"":80,""49"":29,""224"":""AC8="",""225"":111866,""226"":0,""227"":281474976710656,""228"":0,""229"":0,""230"":0,""231"":0}",0.09,1879353494011949000
1751965119000,2025-07-08 16:58:39.000,104.196848,35.956088,104.1903550461101,35.950097109536834,104.187664,35.950272,0.0,0.0,6318.1,1.0,1,612042023200085,"{""1"":63181,""3"":0,""37"":0,""48"":80,""49"":27,""224"":""AC8="",""225"":63181,""226"":0,""227"":281474976710656,""228"":0,""229"":0,""230"":0,""231"":0}",0.0,1879358279721201700
1751965120000,2025-07-08 16:58:40.000,104.196839,35.956117,104.1903470626946,35.95012613071325,104.187656,35.950301,1.0,0.0,9663.9,1.0,1,612042023200066,"{""1"":96639,""3"":0,""37"":0,""48"":80,""49"":19,""224"":""AC8="",""225"":96639,""226"":0,""227"":281474976710656,""228"":0,""229"":0,""230"":0,""231"":0}",0.0,1879347316192227300
1751965120000,2025-07-08 16:58:40.000,104.196841,35.956119,104.1903490590588,35.95012812762163,104.187658,35.950303,0.0,0.0,11186.6,1.0,1,612042023200098,"{""1"":111866,""3"":0,""37"":0,""48"":80,""49"":29,""224"":""AC8="",""225"":111866,""226"":0,""227"":281474976710656,""228"":0,""229"":0,""230"":0,""231"":0}",0.111,1879353494011949000
1751965120000,2025-07-08 16:58:40.000,104.196848,35.956088,104.1903550461101,35.950097109536834,104.187664,35.950272,0.0,0.0,6318.1,1.0,1,612042023200085,"{""1"":63181,""3"":0,""37"":0,""48"":80,""49"":27,""224"":""AC8="",""225"":63181,""226"":0,""227"":281474976710656,""228"":0,""229"":0,""230"":0,""231"":0}",0.0,1879358279721201700
1751965121000,2025-07-08 16:58:41.000,104.196838,35.956117,104.19034606456772,35.95012613249718,104.187655,35.950301,1.0,0.0,9663.9,1.0,1,612042023200066,"{""1"":96639,""3"":0,""37"":0,""48"":80,""49"":20,""224"":""AC8="",""225"":96639,""226"":0,""227"":281474976710656,""228"":0,""229"":0,""230"":0,""231"":0}",0.09,1879347316192227300
1751965121000,2025-07-08 16:58:41.000,104.196841,35.956118,104.1903490590036,35.950127127383524,104.187658,35.950302,0.0,0.0,11186.6,1.0,1,612042023200098,"{""1"":111866,""3"":0,""37"":0,""48"":80,""49"":29,""224"":""AC8="",""225"":111866,""226"":0,""227"":281474976710656,""228"":0,""229"":0,""230"":0,""231"":0}",0.111,1879353494011949000
1751965121000,2025-07-08 16:58:41.000,104.196848,35.956087,104.19035504605492,35.95009610929871,104.187664,35.950271,0.0,0.0,6318.1,1.0,1,612042023200085,"{""1"":63181,""3"":0,""37"":0,""48"":80,""49"":28,""224"":""AC8="",""225"":63181,""226"":0,""227"":281474976710656,""228"":0,""229"":0,""230"":0,""231"":0}",0.111,1879358279721201700
1751965122000,2025-07-08 16:58:42.000,104.196836,35.956116,104.1903440682588,35.95012513582697,104.187653,35.9503,2.0,0.0,9663.9,1.0,1,612042023200066,"{""1"":96639,""3"":0,""37"":0,""48"":80,""49"":21,""224"":""AC8="",""225"":96639,""226"":0,""227"":281474976710656,""228"":0,""229"":0,""230"":0,""231"":0}",0.211,1879347316192227300
1751965122000,2025-07-08 16:58:42.000,104.196841,35.956118,104.1903490590036,35.950127127383524,104.187658,35.950302,0.0,0.0,11186.6,1.0,1,612042023200098,"{""1"":111866,""3"":0,""37"":0,""48"":80,""49"":26,""224"":""AC8="",""225"":111866,""226"":0,""227"":281474976710656,""228"":0,""229"":0,""230"":0,""231"":0}",0.0,1879353494011949000
1751965122000,2025-07-08 16:58:42.000,104.196848,35.956087,104.19035504605492,35.95009610929871,104.187664,35.950271,0.0,0.0,6318.1,1.0,1,612042023200085,"{""1"":63181,""3"":0,""37"":0,""48"":80,""49"":28,""224"":""AC8="",""225"":63181,""226"":0,""227"":281474976710656,""228"":0,""229"":0,""230"":0,""231"":0}",0.0,1879358279721201700
1751965123000,2025-07-08 16:58:43.000,104.196835,35.956115,104.1903430700768,35.95012413737283,104.187652,35.950299,0.0,0.0,9663.9,1.0,1,612042023200066,"{""1"":96639,""3"":0,""37"":0,""48"":80,""49"":21,""224"":""AC8="",""225"":96639,""226"":0,""227"":281474976710656,""228"":0,""229"":0,""230"":0,""231"":0}",0.143,1879347316192227300
1751965123000,2025-07-08 16:58:43.000,104.196841,35.956118,104.1903490590036,35.950127127383524,104.187658,35.950302,0.0,0.0,11186.6,1.0,1,612042023200098,"{""1"":111866,""3"":0,""37"":0,""48"":80,""49"":27,""224"":""AC8="",""225"":111866,""226"":0,""227"":281474976710656,""228"":0,""229"":0,""230"":0,""231"":0}",0.0,1879353494011949000
1751965123000,2025-07-08 16:58:43.000,104.196848,35.956087,104.19035504605492,35.95009610929871,104.187664,35.950271,0.0,0.0,6318.1,1.0,1,612042023200085,"{""1"":63181,""3"":0,""37"":0,""48"":80,""49"":28,""224"":""AC8="",""225"":63181,""226"":0,""227"":281474976710656,""228"":0,""229"":0,""230"":0,""231"":0}",0.0,1879358279721201700
1751965124000,2025-07-08 16:58:44.000,104.196838,35.956113,104.190346064347,35.95012213154474,104.187655,35.950297,1.0,0.0,9663.9,1.0,1,612042023200066,"{""1"":96639,""3"":0,""37"":0,""48"":80,""49"":19,""224"":""AC8="",""225"":96639,""226"":0,""227"":281474976710656,""228"":0,""229"":0,""230"":0,""231"":0}",0.35,1879347316192227300
1751965124000,2025-07-08 16:58:44.000,104.196841,35.956119,104.1903490590588,35.95012812762163,104.187658,35.950303,0.0,0.0,11186.6,1.0,1,612042023200098,"{""1"":111866,""3"":0,""37"":0,""48"":80,""49"":29,""224"":""AC8="",""225"":111866,""226"":0,""227"":281474976710656,""228"":0,""229"":0,""230"":0,""231"":0}",0.111,1879353494011949000
1751965124000,2025-07-08 16:58:44.000,104.196848,35.956087,104.19035504605492,35.95009610929871,104.187664,35.950271,0.0,0.0,6318.1,1.0,1,612042023200085,"{""1"":63181,""3"":0,""37"":0,""48"":80,""49"":27,""224"":""AC8="",""225"":63181,""226"":0,""227"":281474976710656,""228"":0,""229"":0,""230"":0,""231"":0}",0.0,1879358279721201700
1751965125000,2025-07-08 16:58:45.000,104.196839,35.956115,104.19034706258424,35.95012413023703,104.187656,35.950299,2.0,5.0,9663.9,1.0,1,612042023200066,"{""1"":96639,""3"":0,""37"":0,""48"":80,""49"":20,""224"":""AC8="",""225"":96639,""226"":0,""227"":281474976710656,""228"":0,""229"":0,""230"":0,""231"":0}",0.24,1879347316192227300
1751965125000,2025-07-08 16:58:45.000,104.196841,35.956118,104.1903490590036,35.950127127383524,104.187658,35.950302,0.0,0.0,11186.6,1.0,1,612042023200098,"{""1"":111866,""3"":0,""37"":0,""48"":80,""49"":28,""224"":""AC8="",""225"":111866,""226"":0,""227"":281474976710656,""228"":0,""229"":0,""230"":0,""231"":0}",0.111,1879353494011949000
1751965125000,2025-07-08 16:58:45.000,104.196848,35.956087,104.19035504605492,35.95009610929871,104.187664,35.950271,0.0,0.0,6318.1,1.0,1,612042023200085,"{""1"":63181,""3"":0,""37"":0,""48"":80,""49"":29,""224"":""AC8="",""225"":63181,""226"":0,""227"":281474976710656,""228"":0,""229"":0,""230"":0,""231"":0}",0.0,1879358279721201700
1751965126000,2025-07-08 16:58:46.000,104.196839,35.956115,104.19034706258424,35.95012413023703,104.187656,35.950299,1.0,0.0,9663.9,1.0,1,612042023200066,"{""1"":96639,""3"":0,""37"":0,""48"":80,""49"":18,""224"":""AC8="",""225"":96639,""226"":0,""227"":281474976710656,""228"":0,""229"":0,""230"":0,""231"":0}",0.0,1879347316192227300
1751965126000,2025-07-08 16:58:46.000,104.196841,35.956118,104.1903490590036,35.950127127383524,104.187658,35.950302,0.0,0.0,11186.6,1.0,1,612042023200098,"{""1"":111866,""3"":0,""37"":0,""48"":80,""49"":28,""224"":""AC8="",""225"":111866,""226"":0,""227"":281474976710656,""228"":0,""229"":0,""230"":0,""231"":0}",0.0,1879353494011949000
1751965126000,2025-07-08 16:58:46.000,104.196848,35.956087,104.19035504605492,35.95009610929871,104.187664,35.950271,0.0,0.0,6318.1,1.0,1,612042023200085,"{""1"":63181,""3"":0,""37"":0,""48"":80,""49"":28,""224"":""AC8="",""225"":63181,""226"":0,""227"":281474976710656,""228"":0,""229"":0,""230"":0,""231"":0}",0.0,1879358279721201700
1751965127000,2025-07-08 16:58:47.000,104.196839,35.956115,104.19034706258424,35.95012413023703,104.187656,35.950299,1.0,0.0,9663.9,1.0,1,612042023200066,"{""1"":96639,""3"":0,""37"":0,""48"":80,""49"":20,""224"":""AC8="",""225"":96639,""226"":0,""227"":281474976710656,""228"":0,""229"":0,""230"":0,""231"":0}",0.0,1879347316192227300
1751965127000,2025-07-08 16:58:47.000,104.196841,35.956118,104.1903490590036,35.950127127383524,104.187658,35.950302,0.0,0.0,11186.6,1.0,1,612042023200098,"{""1"":111866,""3"":0,""37"":0,""48"":80,""49"":27,""224"":""AC8="",""225"":111866,""226"":0,""227"":281474976710656,""228"":0,""229"":0,""230"":0,""231"":0}",0.0,1879353494011949000
1751965127000,2025-07-08 16:58:47.000,104.196848,35.956087,104.19035504605492,35.95009610929871,104.187664,35.950271,0.0,0.0,6318.1,1.0,1,612042023200085,"{""1"":63181,""3"":0,""37"":0,""48"":80,""49"":28,""224"":""AC8="",""225"":63181,""226"":0,""227"":281474976710656,""228"":0,""229"":0,""230"":0,""231"":0}",0.0,1879358279721201700
1751965128000,2025-07-08 16:58:48.000,104.196839,35.956115,104.19034706258424,35.95012413023703,104.187656,35.950299,1.0,0.0,9663.9,1.0,1,612042023200066,"{""1"":96639,""3"":0,""37"":0,""48"":80,""49"":21,""224"":""AC8="",""225"":96639,""226"":0,""227"":281474976710656,""228"":0,""229"":0,""230"":0,""231"":0}",0.0,1879347316192227300
1751965128000,2025-07-08 16:58:48.000,104.196841,35.956118,104.1903490590036,35.950127127383524,104.187658,35.950302,0.0,0.0,11186.6,1.0,1,612042023200098,"{""1"":111866,""3"":0,""37"":0,""48"":80,""49"":28,""224"":""AC8="",""225"":111866,""226"":0,""227"":281474976710656,""228"":0,""229"":0,""230"":0,""231"":0}",0.0,1879353494011949000
1751965128000,2025-07-08 16:58:48.000,104.196848,35.956087,104.19035504605492,35.95009610929871,104.187664,35.950271,0.0,0.0,6318.1,1.0,1,612042023200085,"{""1"":63181,""3"":0,""37"":0,""48"":80,""49"":28,""224"":""AC8="",""225"":63181,""226"":0,""227"":281474976710656,""228"":0,""229"":0,""230"":0,""231"":0}",0.0,1879358279721201700
1751965129000,2025-07-08 16:58:49.000,104.196839,35.956113,104.19034706247388,35.9501221297608,104.187656,35.950297,2.0,0.0,9663.9,1.0,1,612042023200066,"{""1"":96639,""3"":0,""37"":0,""48"":80,""49"":20,""224"":""AC8="",""225"":96639,""226"":0,""227"":281474976710656,""228"":0,""229"":0,""230"":0,""231"":0}",0.222,1879347316192227300
1751965129000,2025-07-08 16:58:49.000,104.196841,35.956118,104.1903490590036,35.950127127383524,104.187658,35.950302,0.0,0.0,11186.6,1.0,1,612042023200098,"{""1"":111866,""3"":0,""37"":0,""48"":80,""49"":28,""224"":""AC8="",""225"":111866,""226"":0,""227"":281474976710656,""228"":0,""229"":0,""230"":0,""231"":0}",0.0,1879353494011949000
1751965129000,2025-07-08 16:58:49.000,104.196848,35.956087,104.19035504605492,35.95009610929871,104.187664,35.950271,0.0,0.0,6318.1,1.0,1,612042023200085,"{""1"":63181,""3"":0,""37"":0,""48"":80,""49"":28,""224"":""AC8="",""225"":63181,""226"":0,""227"":281474976710656,""228"":0,""229"":0,""230"":0,""231"":0}",0.0,1879358279721201700
1751965130000,2025-07-08 16:58:50.000,104.196841,35.956114,104.1903490587829,35.95012312643108,104.187658,35.950298,0.0,0.0,9663.9,1.0,1,612042023200066,"{""1"":96639,""3"":0,""37"":0,""48"":80,""49"":19,""224"":""AC8="",""225"":96639,""226"":0,""227"":281474976710656,""228"":0,""229"":0,""230"":0,""231"":0}",0.211,1879347316192227300
1751965130000,2025-07-08 16:58:50.000,104.196842,35.956118,104.19035005713054,35.95012712559963,104.187659,35.950302,1.0,0.0,11186.6,1.0,1,612042023200098,"{""1"":111866,""3"":0,""37"":0,""48"":80,""49"":28,""224"":""AC8="",""225"":111866,""226"":0,""227"":281474976710656,""228"":0,""229"":0,""230"":0,""231"":0}",0.09,1879353494011949000
1751965130000,2025-07-08 16:58:50.000,104.196848,35.956087,104.19035504605492,35.95009610929871,104.187664,35.950271,0.0,0.0,6318.1,1.0,1,612042023200085,"{""1"":63181,""3"":0,""37"":0,""48"":80,""49"":28,""224"":""AC8="",""225"":63181,""226"":0,""227"":281474976710656,""228"":0,""229"":0,""230"":0,""231"":0}",0.0,1879358279721201700
1751965131000,2025-07-08 16:58:51.000,104.196838,35.956114,104.1903460644022,35.950123131782846,104.187655,35.950298,2.0,0.0,9663.9,1.0,1,612042023200066,"{""1"":96639,""3"":0,""37"":0,""48"":80,""49"":19,""224"":""AC8="",""225"":96639,""226"":0,""227"":281474976710656,""228"":0,""229"":0,""230"":0,""231"":0}",0.27,1879347316192227300
1751965131000,2025-07-08 16:58:51.000,104.196841,35.956118,104.1903490590036,35.950127127383524,104.187658,35.950302,1.0,0.0,11186.6,1.0,1,612042023200098,"{""1"":111866,""3"":0,""37"":0,""48"":80,""49"":28,""224"":""AC8="",""225"":111866,""226"":0,""227"":281474976710656,""228"":0,""229"":0,""230"":0,""231"":0}",0.09,1879353494011949000
1751965131000,2025-07-08 16:58:51.000,104.196848,35.956087,104.19035504605492,35.95009610929871,104.187664,35.950271,0.0,0.0,6318.1,1.0,1,612042023200085,"{""1"":63181,""3"":0,""37"":0,""48"":80,""49"":28,""224"":""AC8="",""225"":63181,""226"":0,""227"":281474976710656,""228"":0,""229"":0,""230"":0,""231"":0}",0.0,1879358279721201700
1751965132000,2025-07-08 16:58:52.000,104.196836,35.956115,104.19034406820364,35.950124135588865,104.187653,35.950299,1.0,0.0,9663.9,1.0,1,612042023200066,"{""1"":96639,""3"":0,""37"":0,""48"":80,""49"":20,""224"":""AC8="",""225"":96639,""226"":0,""227"":281474976710656,""228"":0,""229"":0,""230"":0,""231"":0}",0.212,1879347316192227300
1751965132000,2025-07-08 16:58:52.000,104.196842,35.956118,104.19035005713054,35.95012712559963,104.187659,35.950302,0.0,0.0,11186.6,1.0,1,612042023200098,"{""1"":111866,""3"":0,""37"":0,""48"":80,""49"":29,""224"":""AC8="",""225"":111866,""226"":0,""227"":281474976710656,""228"":0,""229"":0,""230"":0,""231"":0}",0.09,1879353494011949000
1751965132000,2025-07-08 16:58:52.000,104.196848,35.956087,104.19035504605492,35.95009610929871,104.187664,35.950271,0.0,0.0,6318.1,1.0,1,612042023200085,"{""1"":63181,""3"":0,""37"":0,""48"":80,""49"":28,""224"":""AC8="",""225"":63181,""226"":0,""227"":281474976710656,""228"":0,""229"":0,""230"":0,""231"":0}",0.0,1879358279721201700
1751965133000,2025-07-08 16:58:53.000,104.196838,35.956115,104.19034606445736,35.95012413202096,104.187655,35.950299,1.0,0.0,9663.9,1.0,1,612042023200066,"{""1"":96639,""3"":0,""37"":0,""48"":80,""49"":19,""224"":""AC8="",""225"":96639,""226"":0,""227"":281474976710656,""228"":0,""229"":0,""230"":0,""231"":0}",0.18,1879347316192227300
1751965133000,2025-07-08 16:58:53.000,104.196842,35.956119,104.19035005718573,35.950128125837736,104.187659,35.950303,0.0,0.0,11186.6,1.0,1,612042023200098,"{""1"":111866,""3"":0,""37"":0,""48"":80,""49"":28,""224"":""AC8="",""225"":111866,""226"":0,""227"":281474976710656,""228"":0,""229"":0,""230"":0,""231"":0}",0.111,1879353494011949000
1751965133000,2025-07-08 16:58:53.000,104.196848,35.956087,104.19035504605492,35.95009610929871,104.187664,35.950271,0.0,0.0,6318.1,1.0,1,612042023200085,"{""1"":63181,""3"":0,""37"":0,""48"":80,""49"":28,""224"":""AC8="",""225"":63181,""226"":0,""227"":281474976710656,""228"":0,""229"":0,""230"":0,""231"":0}",0.0,1879358279721201700
1751965134000,2025-07-08 16:58:54.000,104.196835,35.956112,104.19034306991124,35.950121136658495,104.187652,35.950296,2.0,0.0,9663.9,1.0,1,612042023200066,"{""1"":96639,""3"":0,""37"":0,""48"":80,""49"":20,""224"":""AC8="",""225"":96639,""226"":0,""227"":281474976710656,""228"":0,""229"":0,""230"":0,""231"":0}",0.428,1879347316192227300
1751965134000,2025-07-08 16:58:54.000,104.196841,35.956118,104.1903490590036,35.950127127383524,104.187658,35.950302,0.0,0.0,11186.6,1.0,1,612042023200098,"{""1"":111866,""3"":0,""37"":0,""48"":80,""49"":28,""224"":""AC8="",""225"":111866,""226"":0,""227"":281474976710656,""228"":0,""229"":0,""230"":0,""231"":0}",0.143,1879353494011949000
1751965134000,2025-07-08 16:58:54.000,104.196848,35.956087,104.19035504605492,35.95009610929871,104.187664,35.950271,0.0,0.0,6318.1,1.0,1,612042023200085,"{""1"":63181,""3"":0,""37"":0,""48"":80,""49"":28,""224"":""AC8="",""225"":63181,""226"":0,""227"":281474976710656,""228"":0,""229"":0,""230"":0,""231"":0}",0.0,1879358279721201700
1751965135000,2025-07-08 16:58:55.000,104.196836,35.956111,104.1903440679829,35.950120134636414,104.187653,35.950295,0.0,0.0,9663.9,1.0,1,612042023200066,"{""1"":96639,""3"":0,""37"":0,""48"":80,""49"":19,""224"":""AC8="",""225"":96639,""226"":0,""227"":281474976710656,""228"":0,""229"":0,""230"":0,""231"":0}",0.143,1879347316192227300
1751965135000,2025-07-08 16:58:55.000,104.196841,35.956119,104.1903490590588,35.95012812762163,104.187658,35.950303,1.0,0.0,11186.6,1.0,1,612042023200098,"{""1"":111866,""3"":0,""37"":0,""48"":80,""49"":28,""224"":""AC8="",""225"":111866,""226"":0,""227"":281474976710656,""228"":0,""229"":0,""230"":0,""231"":0}",0.111,1879353494011949000
1751965135000,2025-07-08 16:58:55.000,104.196848,35.956087,104.19035504605492,35.95009610929871,104.187664,35.950271,0.0,0.0,6318.1,1.0,1,612042023200085,"{""1"":63181,""3"":0,""37"":0,""48"":80,""49"":28,""224"":""AC8="",""225"":63181,""226"":0,""227"":281474976710656,""228"":0,""229"":0,""230"":0,""231"":0}",0.0,1879358279721201700
1751965136000,2025-07-08 16:58:56.000,104.196837,35.956112,104.19034506616494,35.95012113309057,104.187654,35.950296,1.0,0.0,9663.9,1.0,1,612042023200066,"{""1"":96639,""3"":0,""37"":0,""48"":80,""49"":19,""224"":""AC8="",""225"":96639,""226"":0,""227"":281474976710656,""228"":0,""229"":0,""230"":0,""231"":0}",0.143,1879347316192227300
1751965136000,2025-07-08 16:58:56.000,104.196841,35.956118,104.1903490590036,35.950127127383524,104.187658,35.950302,1.0,0.0,11186.6,1.0,1,612042023200098,"{""1"":111866,""3"":0,""37"":0,""48"":80,""49"":27,""224"":""AC8="",""225"":111866,""226"":0,""227"":281474976710656,""228"":0,""229"":0,""230"":0,""231"":0}",0.111,1879353494011949000
1751965136000,2025-07-08 16:58:56.000,104.196848,35.956087,104.19035504605492,35.95009610929871,104.187664,35.950271,0.0,0.0,6318.1,1.0,1,612042023200085,"{""1"":63181,""3"":0,""37"":0,""48"":80,""49"":28,""224"":""AC8="",""225"":63181,""226"":0,""227"":281474976710656,""228"":0,""229"":0,""230"":0,""231"":0}",0.0,1879358279721201700
1751965137000,2025-07-08 16:58:57.000,104.196835,35.956113,104.19034306996645,35.95012213689661,104.187652,35.950297,1.0,0.0,9663.9,1.0,1,612042023200066,"{""1"":96639,""3"":0,""37"":0,""48"":80,""49"":22,""224"":""AC8="",""225"":96639,""226"":0,""227"":281474976710656,""228"":0,""229"":0,""230"":0,""231"":0}",0.212,1879347316192227300
1751965137000,2025-07-08 16:58:57.000,104.196842,35.956118,104.19035005713054,35.95012712559963,104.187659,35.950302,0.0,0.0,11186.6,1.0,1,612042023200098,"{""1"":111866,""3"":0,""37"":0,""48"":80,""49"":28,""224"":""AC8="",""225"":111866,""226"":0,""227"":281474976710656,""228"":0,""229"":0,""230"":0,""231"":0}",0.09,1879353494011949000
1751965137000,2025-07-08 16:58:57.000,104.196848,35.956087,104.19035504605492,35.95009610929871,104.187664,35.950271,0.0,0.0,6318.1,1.0,1,612042023200085,"{""1"":63181,""3"":0,""37"":0,""48"":80,""49"":28,""224"":""AC8="",""225"":63181,""226"":0,""227"":281474976710656,""228"":0,""229"":0,""230"":0,""231"":0}",0.0,1879358279721201700
1751965138000,2025-07-08 16:58:58.000,104.196837,35.956112,104.19034506616494,35.95012113309057,104.187654,35.950296,1.0,0.0,9663.9,1.0,1,612042023200066,"{""1"":96639,""3"":0,""37"":0,""48"":80,""49"":22,""224"":""AC8="",""225"":96639,""226"":0,""227"":281474976710656,""228"":0,""229"":0,""230"":0,""231"":0}",0.212,1879347316192227300
1751965138000,2025-07-08 16:58:58.000,104.196841,35.956118,104.1903490590036,35.950127127383524,104.187658,35.950302,0.0,0.0,11186.6,1.0,1,612042023200098,"{""1"":111866,""3"":0,""37"":0,""48"":80,""49"":28,""224"":""AC8="",""225"":111866,""226"":0,""227"":281474976710656,""228"":0,""229"":0,""230"":0,""231"":0}",0.09,1879353494011949000
1751965138000,2025-07-08 16:58:58.000,104.196848,35.956087,104.19035504605492,35.95009610929871,104.187664,35.950271,0.0,0.0,6318.1,1.0,1,612042023200085,"{""1"":63181,""3"":0,""37"":0,""48"":80,""49"":28,""224"":""AC8="",""225"":63181,""226"":0,""227"":281474976710656,""228"":0,""229"":0,""230"":0,""231"":0}",0.0,1879358279721201700
1751965139000,2025-07-08 16:58:59.000,104.196837,35.956112,104.19034506616494,35.95012113309057,104.187654,35.950296,1.0,0.0,9663.9,1.0,1,612042023200066,"{""1"":96639,""3"":0,""37"":0,""48"":80,""49"":22,""224"":""AC8="",""225"":96639,""226"":0,""227"":281474976710656,""228"":0,""229"":0,""230"":0,""231"":0}",0.0,1879347316192227300
1751965139000,2025-07-08 16:58:59.000,104.196841,35.956118,104.1903490590036,35.950127127383524,104.187658,35.950302,0.0,0.0,11186.6,1.0,1,612042023200098,"{""1"":111866,""3"":0,""37"":0,""48"":80,""49"":29,""224"":""AC8="",""225"":111866,""226"":0,""227"":281474976710656,""228"":0,""229"":0,""230"":0,""231"":0}",0.0,1879353494011949000
1751965139000,2025-07-08 16:58:59.000,104.196848,35.956087,104.19035504605492,35.95009610929871,104.187664,35.950271,0.0,0.0,6318.1,1.0,1,612042023200085,"{""1"":63181,""3"":0,""37"":0,""48"":80,""49"":29,""224"":""AC8="",""225"":63181,""226"":0,""227"":281474976710656,""228"":0,""229"":0,""230"":0,""231"":0}",0.0,1879358279721201700
1751965140000,2025-07-08 16:59:00.000,104.196839,35.956112,104.19034706241872,35.95012112952269,104.187656,35.950296,1.0,0.0,9663.9,1.0,1,612042023200066,"{""1"":96639,""3"":0,""37"":0,""48"":80,""49"":21,""224"":""AC8="",""225"":96639,""226"":0,""227"":281474976710656,""228"":0,""229"":0,""230"":0,""231"":0}",0.18,1879347316192227300
1751965140000,2025-07-08 16:59:00.000,104.196842,35.956118,104.19035005713054,35.95012712559963,104.187659,35.950302,1.0,0.0,11186.6,1.0,1,612042023200098,"{""1"":111866,""3"":0,""37"":0,""48"":80,""49"":27,""224"":""AC8="",""225"":111866,""226"":0,""227"":281474976710656,""228"":0,""229"":0,""230"":0,""231"":0}",0.09,1879353494011949000
1751965140000,2025-07-08 16:59:00.000,104.196848,35.956087,104.19035504605492,35.95009610929871,104.187664,35.950271,0.0,0.0,6318.1,1.0,1,612042023200085,"{""1"":63181,""3"":0,""37"":0,""48"":80,""49"":29,""224"":""AC8="",""225"":63181,""226"":0,""227"":281474976710656,""228"":0,""229"":0,""230"":0,""231"":0}",0.0,1879358279721201700
1751965141000,2025-07-08 16:59:01.000,104.196835,35.956111,104.19034306985608,35.95012013642038,104.187652,35.950295,1.0,0.0,9663.9,1.0,1,612042023200066,"{""1"":96639,""3"":0,""37"":0,""48"":80,""49"":22,""224"":""AC8="",""225"":96639,""226"":0,""227"":281474976710656,""228"":0,""229"":0,""230"":0,""231"":0}",0.376,1879347316192227300
1751965141000,2025-07-08 16:59:01.000,104.196842,35.956119,104.19035005718573,35.950128125837736,104.187659,35.950303,1.0,0.0,11186.6,1.0,1,612042023200098,"{""1"":111866,""3"":0,""37"":0,""48"":80,""49"":28,""224"":""AC8="",""225"":111866,""226"":0,""227"":281474976710656,""228"":0,""229"":0,""230"":0,""231"":0}",0.111,1879353494011949000
1751965141000,2025-07-08 16:59:01.000,104.196848,35.956087,104.19035504605492,35.95009610929871,104.187664,35.950271,0.0,0.0,6318.1,1.0,1,612042023200085,"{""1"":63181,""3"":0,""37"":0,""48"":80,""49"":29,""224"":""AC8="",""225"":63181,""226"":0,""227"":281474976710656,""228"":0,""229"":0,""230"":0,""231"":0}",0.0,1879358279721201700
1751965142000,2025-07-08 16:59:02.000,104.196838,35.956111,104.19034606423664,35.95012013106851,104.187655,35.950295,3.0,88.0,9663.9,1.0,1,612042023200066,"{""1"":96639,""3"":0,""37"":0,""48"":80,""49"":22,""224"":""AC8="",""225"":96639,""226"":0,""227"":281474976710656,""228"":0,""229"":0,""230"":0,""231"":0}",0.27,1879347316192227300
1751965142000,2025-07-08 16:59:02.000,104.196842,35.956119,104.19035005718573,35.950128125837736,104.187659,35.950303,1.0,0.0,11186.6,1.0,1,612042023200098,"{""1"":111866,""3"":0,""37"":0,""48"":80,""49"":28,""224"":""AC8="",""225"":111866,""226"":0,""227"":281474976710656,""228"":0,""229"":0,""230"":0,""231"":0}",0.0,1879353494011949000
1751965142000,2025-07-08 16:59:02.000,104.196848,35.956087,104.19035504605492,35.95009610929871,104.187664,35.950271,0.0,0.0,6318.1,1.0,1,612042023200085,"{""1"":63181,""3"":0,""37"":0,""48"":80,""49"":29,""224"":""AC8="",""225"":63181,""226"":0,""227"":281474976710656,""228"":0,""229"":0,""230"":0,""231"":0}",0.0,1879358279721201700
1751965143000,2025-07-08 16:59:03.000,104.196839,35.956113,104.19034706247388,35.9501221297608,104.187656,35.950297,1.0,0.0,9663.9,1.0,1,612042023200066,"{""1"":96639,""3"":0,""37"":0,""48"":80,""49"":22,""224"":""AC8="",""225"":96639,""226"":0,""227"":281474976710656,""228"":0,""229"":0,""230"":0,""231"":0}",0.24,1879347316192227300
1751965143000,2025-07-08 16:59:03.000,104.196841,35.956119,104.1903490590588,35.95012812762163,104.187658,35.950303,0.0,0.0,11186.6,1.0,1,612042023200098,"{""1"":111866,""3"":0,""37"":0,""48"":80,""49"":29,""224"":""AC8="",""225"":111866,""226"":0,""227"":281474976710656,""228"":0,""229"":0,""230"":0,""231"":0}",0.09,1879353494011949000
1751965143000,2025-07-08 16:59:03.000,104.196848,35.956087,104.19035504605492,35.95009610929871,104.187664,35.950271,0.0,0.0,6318.1,1.0,1,612042023200085,"{""1"":63181,""3"":0,""37"":0,""48"":80,""49"":29,""224"":""AC8="",""225"":63181,""226"":0,""227"":281474976710656,""228"":0,""229"":0,""230"":0,""231"":0}",0.0,1879358279721201700
1751965144000,2025-07-08 16:59:04.000,104.196839,35.956113,104.19034706247388,35.9501221297608,104.187656,35.950297,1.0,0.0,9663.9,1.0,1,612042023200066,"{""1"":96639,""3"":0,""37"":0,""48"":80,""49"":21,""224"":""AC8="",""225"":96639,""226"":0,""227"":281474976710656,""228"":0,""229"":0,""230"":0,""231"":0}",0.0,1879347316192227300
1751965144000,2025-07-08 16:59:04.000,104.196841,35.956118,104.1903490590036,35.950127127383524,104.187658,35.950302,0.0,0.0,11186.6,1.0,1,612042023200098,"{""1"":111866,""3"":0,""37"":0,""48"":80,""49"":29,""224"":""AC8="",""225"":111866,""226"":0,""227"":281474976710656,""228"":0,""229"":0,""230"":0,""231"":0}",0.111,1879353494011949000
1751965144000,2025-07-08 16:59:04.000,104.196848,35.956087,104.19035504605492,35.95009610929871,104.187664,35.950271,0.0,0.0,6318.1,1.0,1,612042023200085,"{""1"":63181,""3"":0,""37"":0,""48"":80,""49"":29,""224"":""AC8="",""225"":63181,""226"":0,""227"":281474976710656,""228"":0,""229"":0,""230"":0,""231"":0}",0.0,1879358279721201700
1751965145000,2025-07-08 16:59:05.000,104.196839,35.956114,104.19034706252909,35.950123129998914,104.187656,35.950298,0.0,0.0,9663.9,1.0,1,612042023200066,"{""1"":96639,""3"":0,""37"":0,""48"":80,""49"":20,""224"":""AC8="",""225"":96639,""226"":0,""227"":281474976710656,""228"":0,""229"":0,""230"":0,""231"":0}",0.111,1879347316192227300
1751965145000,2025-07-08 16:59:05.000,104.196841,35.956118,104.1903490590036,35.950127127383524,104.187658,35.950302,0.0,0.0,11186.6,1.0,1,612042023200098,"{""1"":111866,""3"":0,""37"":0,""48"":80,""49"":28,""224"":""AC8="",""225"":111866,""226"":0,""227"":281474976710656,""228"":0,""229"":0,""230"":0,""231"":0}",0.0,1879353494011949000
1751965145000,2025-07-08 16:59:05.000,104.196847,35.956087,104.19035404792793,35.95009611108255,104.187663,35.950271,0.0,0.0,6318.1,1.0,1,612042023200085,"{""1"":63181,""3"":0,""37"":0,""48"":80,""49"":29,""224"":""AC8="",""225"":63181,""226"":0,""227"":281474976710656,""228"":0,""229"":0,""230"":0,""231"":0}",0.09,1879358279721201700
1751965146000,2025-07-08 16:59:06.000,104.196839,35.956114,104.19034706252909,35.950123129998914,104.187656,35.950298,1.0,0.0,9663.9,1.0,1,612042023200066,"{""1"":96639,""3"":0,""37"":0,""48"":80,""49"":22,""224"":""AC8="",""225"":96639,""226"":0,""227"":281474976710656,""228"":0,""229"":0,""230"":0,""231"":0}",0.0,1879347316192227300
1751965146000,2025-07-08 16:59:06.000,104.196841,35.956118,104.1903490590036,35.950127127383524,104.187658,35.950302,0.0,0.0,11186.6,1.0,1,612042023200098,"{""1"":111866,""3"":0,""37"":0,""48"":80,""49"":28,""224"":""AC8="",""225"":111866,""226"":0,""227"":281474976710656,""228"":0,""229"":0,""230"":0,""231"":0}",0.0,1879353494011949000
1751965146000,2025-07-08 16:59:06.000,104.196847,35.956087,104.19035404792793,35.95009611108255,104.187663,35.950271,0.0,0.0,6318.1,1.0,1,612042023200085,"{""1"":63181,""3"":0,""37"":16,""48"":80,""49"":29,""224"":""AC8="",""225"":63181,""226"":0,""227"":282574488338432,""228"":0,""229"":3600,""230"":0,""231"":0}",0.0,1879358279721201700
1751965147000,2025-07-08 16:59:07.000,104.196839,35.956115,104.19034706258424,35.95012413023703,104.187656,35.950299,1.0,0.0,9663.9,1.0,1,612042023200066,"{""1"":96639,""3"":0,""37"":0,""48"":80,""49"":21,""224"":""AC8="",""225"":96639,""226"":0,""227"":281474976710656,""228"":0,""229"":0,""230"":0,""231"":0}",0.111,1879347316192227300
1751965147000,2025-07-08 16:59:07.000,104.196841,35.95612,104.19034905911396,35.950129127859746,104.187658,35.950304,1.0,0.0,11186.6,1.0,1,612042023200098,"{""1"":111866,""3"":0,""37"":0,""48"":80,""49"":28,""224"":""AC8="",""225"":111866,""226"":0,""227"":281474976710656,""228"":0,""229"":0,""230"":0,""231"":0}",0.222,1879353494011949000
1751965147000,2025-07-08 16:59:07.000,104.196847,35.956087,104.19035404792793,35.95009611108255,104.187663,35.950271,0.0,0.0,6318.1,1.0,1,612042023200085,"{""1"":63181,""3"":0,""37"":16,""48"":80,""49"":28,""224"":""AC8="",""225"":63181,""226"":0,""227"":282574488338432,""228"":0,""229"":4440,""230"":0,""231"":0}",0.0,1879358279721201700
1751965148000,2025-07-08 16:59:08.000,104.196838,35.956115,104.19034606445736,35.95012413202096,104.187655,35.950299,1.0,0.0,9663.9,1.0,1,612042023200066,"{""1"":96639,""3"":0,""37"":0,""48"":80,""49"":22,""224"":""AC8="",""225"":96639,""226"":0,""227"":281474976710656,""228"":0,""229"":0,""230"":0,""231"":0}",0.09,1879347316192227300
1751965148000,2025-07-08 16:59:08.000,104.196841,35.95612,104.19034905911396,35.950129127859746,104.187658,35.950304,1.0,0.0,11186.6,1.0,1,612042023200098,"{""1"":111866,""3"":0,""37"":0,""48"":80,""49"":27,""224"":""AC8="",""225"":111866,""226"":0,""227"":281474976710656,""228"":0,""229"":0,""230"":0,""231"":0}",0.0,1879353494011949000
1751965148000,2025-07-08 16:59:08.000,104.196847,35.956087,104.19035404792793,35.95009611108255,104.187663,35.950271,0.0,0.0,6318.1,1.0,1,612042023200085,"{""1"":63181,""3"":0,""37"":16,""48"":80,""49"":28,""224"":""AC8="",""225"":63181,""226"":0,""227"":282574488338432,""228"":0,""229"":2000,""230"":0,""231"":0}",0.0,1879358279721201700
1751965149000,2025-07-08 16:59:09.000,104.196839,35.956115,104.19034706258424,35.95012413023703,104.187656,35.950299,1.0,0.0,9663.9,1.0,1,612042023200066,"{""1"":96639,""3"":0,""37"":0,""48"":80,""49"":21,""224"":""AC8="",""225"":96639,""226"":0,""227"":281474976710656,""228"":0,""229"":0,""230"":0,""231"":0}",0.09,1879347316192227300
1751965149000,2025-07-08 16:59:09.000,104.196842,35.956119,104.19035005718573,35.950128125837736,104.187659,35.950303,1.0,0.0,11186.6,1.0,1,612042023200098,"{""1"":111866,""3"":0,""37"":0,""48"":80,""49"":28,""224"":""AC8="",""225"":111866,""226"":0,""227"":281474976710656,""228"":0,""229"":0,""230"":0,""231"":0}",0.143,1879353494011949000
1751965149000,2025-07-08 16:59:09.000,104.196847,35.956087,104.19035404792793,35.95009611108255,104.187663,35.950271,1.0,0.0,6318.1,1.0,1,612042023200085,"{""1"":63181,""3"":0,""37"":16,""48"":80,""49"":29,""224"":""AC8="",""225"":63181,""226"":0,""227"":282574488338432,""228"":0,""229"":2560,""230"":0,""231"":0}",0.0,1879358279721201700
1751965150000,2025-07-08 16:59:10.000,104.196837,35.956115,104.19034506633048,35.950124133804906,104.187654,35.950299,2.0,291.0,9663.9,1.0,1,612042023200066,"{""1"":96639,""3"":0,""37"":0,""48"":80,""49"":23,""224"":""AC8="",""225"":96639,""226"":0,""227"":281474976710656,""228"":0,""229"":0,""230"":0,""231"":0}",0.18,1879347316192227300
1751965150000,2025-07-08 16:59:10.000,104.196842,35.956117,104.19035005707536,35.95012612536152,104.187659,35.950301,1.0,0.0,11186.6,1.0,1,612042023200098,"{""1"":111866,""3"":0,""37"":0,""48"":80,""49"":28,""224"":""AC8="",""225"":111866,""226"":0,""227"":281474976710656,""228"":0,""229"":0,""230"":0,""231"":0}",0.222,1879353494011949000
1751965150000,2025-07-08 16:59:10.000,104.196847,35.956087,104.19035404792793,35.95009611108255,104.187663,35.950271,0.0,0.0,6318.1,1.0,1,612042023200085,"{""1"":63181,""3"":0,""37"":16,""48"":80,""49"":29,""224"":""AC8="",""225"":63181,""226"":0,""227"":282574488338432,""228"":0,""229"":919,""230"":0,""231"":0}",0.0,1879358279721201700
1751965151000,2025-07-08 16:59:11.000,104.196835,35.956115,104.1903430700768,35.95012413737283,104.187652,35.950299,1.0,0.0,9663.9,1.0,1,612042023200066,"{""1"":96639,""3"":0,""37"":0,""48"":80,""49"":22,""224"":""AC8="",""225"":96639,""226"":0,""227"":281474976710656,""228"":0,""229"":0,""230"":0,""231"":0}",0.18,1879347316192227300
1751965151000,2025-07-08 16:59:11.000,104.196842,35.956118,104.19035005713054,35.95012712559963,104.187659,35.950302,0.0,0.0,11186.6,1.0,1,612042023200098,"{""1"":111866,""3"":0,""37"":0,""48"":80,""49"":28,""224"":""AC8="",""225"":111866,""226"":0,""227"":281474976710656,""228"":0,""229"":0,""230"":0,""231"":0}",0.111,1879353494011949000
1751965151000,2025-07-08 16:59:11.000,104.196847,35.956087,104.19035404792793,35.95009611108255,104.187663,35.950271,0.0,0.0,6318.1,1.0,1,612042023200085,"{""1"":63181,""3"":0,""37"":16,""48"":80,""49"":29,""224"":""AC8="",""225"":63181,""226"":0,""227"":282574488338432,""228"":0,""229"":800,""230"":0,""231"":0}",0.0,1879358279721201700
1751965152000,2025-07-08 16:59:12.000,104.196835,35.956113,104.19034306996645,35.95012213689661,104.187652,35.950297,2.0,0.0,9663.9,1.0,1,612042023200066,"{""1"":96639,""3"":0,""37"":0,""48"":80,""49"":22,""224"":""AC8="",""225"":96639,""226"":0,""227"":281474976710656,""228"":0,""229"":0,""230"":0,""231"":0}",0.222,1879347316192227300
1751965152000,2025-07-08 16:59:12.000,104.196842,35.956119,104.19035005718573,35.950128125837736,104.187659,35.950303,0.0,0.0,11186.6,1.0,1,612042023200098,"{""1"":111866,""3"":0,""37"":0,""48"":80,""49"":28,""224"":""AC8="",""225"":111866,""226"":0,""227"":281474976710656,""228"":0,""229"":0,""230"":0,""231"":0}",0.111,1879353494011949000
1751965152000,2025-07-08 16:59:12.000,104.196845,35.956087,104.19035205167393,35.95009611465026,104.187661,35.950271,1.0,0.0,6318.1,1.0,1,612042023200085,"{""1"":63181,""3"":8,""37"":16,""48"":80,""49"":29,""224"":""AC8="",""225"":63181,""226"":8,""227"":282574488338432,""228"":0,""229"":640,""230"":0,""231"":0}",0.18,1879358279721201700
1751965153000,2025-07-08 16:59:13.000,104.196835,35.956113,104.19034306996645,35.95012213689661,104.187652,35.950297,1.0,0.0,9663.9,1.0,1,612042023200066,"{""1"":96639,""3"":0,""37"":0,""48"":80,""49"":23,""224"":""AC8="",""225"":96639,""226"":0,""227"":281474976710656,""228"":0,""229"":0,""230"":0,""231"":0}",0.0,1879347316192227300
1751965153000,2025-07-08 16:59:13.000,104.196841,35.956119,104.1903490590588,35.95012812762163,104.187658,35.950303,0.0,0.0,11186.6,1.0,1,612042023200098,"{""1"":111866,""3"":0,""37"":0,""48"":80,""49"":27,""224"":""AC8="",""225"":111866,""226"":0,""227"":281474976710656,""228"":0,""229"":0,""230"":0,""231"":0}",0.09,1879353494011949000
1751965153000,2025-07-08 16:59:13.000,104.196845,35.956087,104.19035205167393,35.95009611465026,104.187661,35.950271,1.0,0.0,6318.1,1.0,1,612042023200085,"{""1"":63181,""3"":4,""37"":0,""48"":80,""49"":28,""224"":""AC8="",""225"":63181,""226"":4,""227"":281474976710656,""228"":0,""229"":40,""230"":0,""231"":0}",0.0,1879358279721201700
1751965154000,2025-07-08 16:59:14.000,104.196837,35.956113,104.19034506622012,35.950122133328684,104.187654,35.950297,1.0,0.0,9663.9,1.0,1,612042023200066,"{""1"":96639,""3"":0,""37"":0,""48"":80,""49"":22,""224"":""AC8="",""225"":96639,""226"":0,""227"":281474976710656,""228"":0,""229"":0,""230"":0,""231"":0}",0.18,1879347316192227300
1751965154000,2025-07-08 16:59:14.000,104.196841,35.956118,104.1903490590036,35.950127127383524,104.187658,35.950302,0.0,0.0,11186.6,1.0,1,612042023200098,"{""1"":111866,""3"":0,""37"":0,""48"":80,""49"":28,""224"":""AC8="",""225"":111866,""226"":0,""227"":281474976710656,""228"":0,""229"":0,""230"":0,""231"":0}",0.111,1879353494011949000
1751965154000,2025-07-08 16:59:14.000,104.196843,35.956088,104.19035105360211,35.950097116672254,104.18766,35.950272,1.0,0.0,6318.1,1.0,1,612042023200085,"{""1"":63181,""3"":6,""37"":16,""48"":80,""49"":29,""224"":""AC8="",""225"":63181,""226"":6,""227"":282574488338432,""228"":0,""229"":680,""230"":0,""231"":0}",0.143,1879358279721201700
1751965155000,2025-07-08 16:59:15.000,104.196837,35.956114,104.1903450662753,35.95012313356679,104.187654,35.950298,0.0,0.0,9663.9,1.0,1,612042023200066,"{""1"":96639,""3"":0,""37"":0,""48"":80,""49"":21,""224"":""AC8="",""225"":96639,""226"":0,""227"":281474976710656,""228"":0,""229"":0,""230"":0,""231"":0}",0.111,1879347316192227300
1751965155000,2025-07-08 16:59:15.000,104.196841,35.956119,104.1903490590588,35.95012812762163,104.187658,35.950303,0.0,0.0,11186.6,1.0,1,612042023200098,"{""1"":111866,""3"":0,""37"":0,""48"":80,""49"":28,""224"":""AC8="",""225"":111866,""226"":0,""227"":281474976710656,""228"":0,""229"":0,""230"":0,""231"":0}",0.111,1879353494011949000
1751965155000,2025-07-08 16:59:15.000,104.196842,35.956088,104.19035005547516,35.950097118456135,104.187659,35.950272,0.0,0.0,6318.1,1.0,1,612042023200085,"{""1"":63181,""3"":7,""37"":16,""48"":80,""49"":28,""224"":""AC8="",""225"":63181,""226"":7,""227"":282574488338432,""228"":0,""229"":1480,""230"":0,""231"":0}",0.09,1879358279721201700
1751965156000,2025-07-08 16:59:16.000,104.196837,35.956115,104.19034506633048,35.950124133804906,104.187654,35.950299,1.0,0.0,9663.9,1.0,1,612042023200066,"{""1"":96639,""3"":0,""37"":0,""48"":80,""49"":19,""224"":""AC8="",""225"":96639,""226"":0,""227"":281474976710656,""228"":0,""229"":0,""230"":0,""231"":0}",0.111,1879347316192227300
1751965156000,2025-07-08 16:59:16.000,104.196841,35.956118,104.1903490590036,35.950127127383524,104.187658,35.950302,0.0,0.0,11186.6,1.0,1,612042023200098,"{""1"":111866,""3"":0,""37"":0,""48"":80,""49"":28,""224"":""AC8="",""225"":111866,""226"":0,""227"":281474976710656,""228"":0,""229"":0,""230"":0,""231"":0}",0.111,1879353494011949000
1751965156000,2025-07-08 16:59:16.000,104.196842,35.956088,104.19035005547516,35.950097118456135,104.187659,35.950272,1.0,0.0,6318.1,1.0,1,612042023200085,"{""1"":63181,""3"":4,""37"":16,""48"":80,""49"":29,""224"":""AC8="",""225"":63181,""226"":4,""227"":282574488338432,""228"":0,""229"":840,""230"":0,""231"":0}",0.0,1879358279721201700
1751965157000,2025-07-08 16:59:17.000,104.196837,35.956114,104.1903450662753,35.95012313356679,104.187654,35.950298,1.0,0.0,9663.9,1.0,1,612042023200066,"{""1"":96639,""3"":0,""37"":0,""48"":80,""49"":19,""224"":""AC8="",""225"":96639,""226"":0,""227"":281474976710656,""228"":0,""229"":0,""230"":0,""231"":0}",0.111,1879347316192227300
1751965157000,2025-07-08 16:59:17.000,104.196841,35.95612,104.19034905911396,35.950129127859746,104.187658,35.950304,1.0,0.0,11186.6,1.0,1,612042023200098,"{""1"":111866,""3"":0,""37"":0,""48"":80,""49"":28,""224"":""AC8="",""225"":111866,""226"":0,""227"":281474976710656,""228"":0,""229"":0,""230"":0,""231"":0}",0.222,1879353494011949000
1751965157000,2025-07-08 16:59:17.000,104.196841,35.956087,104.19034905729303,35.95009612000192,104.187658,35.950271,0.0,0.0,6318.1,1.0,1,612042023200085,"{""1"":63181,""3"":3,""37"":16,""48"":80,""49"":29,""224"":""AC8="",""225"":63181,""226"":3,""227"":282574488338432,""228"":0,""229"":919,""230"":0,""231"":0}",0.143,1879358279721201700
1751965158000,2025-07-08 16:59:18.000,104.196839,35.956112,104.19034706241872,35.95012112952269,104.187656,35.950296,1.0,0.0,9663.9,1.0,1,612042023200066,"{""1"":96639,""3"":0,""37"":0,""48"":80,""49"":21,""224"":""AC8="",""225"":96639,""226"":0,""227"":281474976710656,""228"":0,""229"":0,""230"":0,""231"":0}",0.286,1879347316192227300
1751965158000,2025-07-08 16:59:18.000,104.196842,35.956119,104.19035005718573,35.950128125837736,104.187659,35.950303,1.0,0.0,11186.6,1.0,1,612042023200098,"{""1"":111866,""3"":0,""37"":0,""48"":80,""49"":28,""224"":""AC8="",""225"":111866,""226"":0,""227"":281474976710656,""228"":0,""229"":0,""230"":0,""231"":0}",0.143,1879353494011949000
1751965158000,2025-07-08 16:59:18.000,104.19684,35.956087,104.19034805916614,35.950096121785826,104.187657,35.950271,0.0,0.0,6318.1,1.0,1,612042023200085,"{""1"":63181,""3"":2,""37"":0,""48"":80,""49"":29,""224"":""AC8="",""225"":63181,""226"":2,""227"":281474976710656,""228"":0,""229"":0,""230"":0,""231"":0}",0.09,1879358279721201700
1751965159000,2025-07-08 16:59:19.000,104.19684,35.956113,104.1903480606008,35.95012212797688,104.187657,35.950297,1.0,0.0,9663.9,1.0,1,612042023200066,"{""1"":96639,""3"":0,""37"":0,""48"":80,""49"":21,""224"":""AC8="",""225"":96639,""226"":0,""227"":281474976710656,""228"":0,""229"":0,""230"":0,""231"":0}",0.143,1879347316192227300
1751965159000,2025-07-08 16:59:19.000,104.196843,35.956118,104.1903510552575,35.95012712381575,104.18766,35.950302,0.0,0.0,11186.6,1.0,1,612042023200098,"{""1"":111866,""3"":0,""37"":0,""48"":80,""49"":27,""224"":""AC8="",""225"":111866,""226"":0,""227"":281474976710656,""228"":0,""229"":0,""230"":0,""231"":0}",0.143,1879353494011949000
1751965159000,2025-07-08 16:59:19.000,104.196838,35.956087,104.19034606291234,35.95009612535368,104.187655,35.950271,0.0,0.0,6318.1,1.0,1,612042023200085,"{""1"":63181,""3"":6,""37"":16,""48"":80,""49"":30,""224"":""AC8="",""225"":63181,""226"":6,""227"":282574488338432,""228"":0,""229"":919,""230"":0,""231"":0}",0.18,1879358279721201700
1751965160000,2025-07-08 16:59:20.000,104.19684,35.956114,104.19034806065598,35.95012312821499,104.187657,35.950298,0.0,0.0,9663.9,1.0,1,612042023200066,"{""1"":96639,""3"":0,""37"":0,""48"":80,""49"":18,""224"":""AC8="",""225"":96639,""226"":0,""227"":281474976710656,""228"":0,""229"":0,""230"":0,""231"":0}",0.111,1879347316192227300
1751965160000,2025-07-08 16:59:20.000,104.196842,35.956117,104.19035005707536,35.95012612536152,104.187659,35.950301,1.0,0.0,11186.6,1.0,1,612042023200098,"{""1"":111866,""3"":0,""37"":0,""48"":80,""49"":28,""224"":""AC8="",""225"":111866,""226"":0,""227"":281474976710656,""228"":0,""229"":0,""230"":0,""231"":0}",0.143,1879353494011949000
1751965160000,2025-07-08 16:59:20.000,104.196838,35.956086,104.19034606285716,35.95009512511556,104.187655,35.95027,0.0,0.0,6318.1,1.0,1,612042023200085,"{""1"":63181,""3"":0,""37"":16,""48"":80,""49"":30,""224"":""AC8="",""225"":63181,""226"":0,""227"":282574488338432,""228"":0,""229"":1160,""230"":0,""231"":0}",0.111,1879358279721201700
1751965161000,2025-07-08 16:59:21.000,104.196843,35.956113,104.1903510549816,35.95012212262519,104.18766,35.950297,1.0,0.0,9663.9,1.0,1,612042023200066,"{""1"":96639,""3"":0,""37"":0,""48"":80,""49"":21,""224"":""AC8="",""225"":96639,""226"":0,""227"":281474976710656,""228"":0,""229"":0,""230"":0,""231"":0}",0.292,1879347316192227300
1751965161000,2025-07-08 16:59:21.000,104.196842,35.956117,104.19035005707536,35.95012612536152,104.187659,35.950301,0.0,0.0,11186.6,1.0,1,612042023200098,"{""1"":111866,""3"":0,""37"":0,""48"":80,""49"":28,""224"":""AC8="",""225"":111866,""226"":0,""227"":281474976710656,""228"":0,""229"":0,""230"":0,""231"":0}",0.0,1879353494011949000
1751965161000,2025-07-08 16:59:21.000,104.196837,35.956086,104.19034506473028,35.950095126899505,104.187654,35.95027,0.0,0.0,6318.1,1.0,1,612042023200085,"{""1"":63181,""3"":0,""37"":16,""48"":80,""49"":30,""224"":""AC8="",""225"":63181,""226"":0,""227"":282574488338432,""228"":0,""229"":360,""230"":0,""231"":0}",0.09,1879358279721201700
1751965162000,2025-07-08 16:59:22.000,104.196844,35.956114,104.19035205316376,35.95012312107942,104.187661,35.950298,1.0,0.0,9663.9,1.0,1,612042023200066,"{""1"":96639,""3"":0,""37"":0,""48"":80,""49"":21,""224"":""AC8="",""225"":96639,""226"":0,""227"":281474976710656,""228"":0,""229"":0,""230"":0,""231"":0}",0.143,1879347316192227300
1751965162000,2025-07-08 16:59:22.000,104.196842,35.956118,104.19035005713054,35.95012712559963,104.187659,35.950302,0.0,0.0,11186.6,1.0,1,612042023200098,"{""1"":111866,""3"":0,""37"":0,""48"":80,""49"":28,""224"":""AC8="",""225"":111866,""226"":0,""227"":281474976710656,""228"":0,""229"":0,""230"":0,""231"":0}",0.111,1879353494011949000
1751965162000,2025-07-08 16:59:22.000,104.196836,35.956086,104.19034406660342,35.950095128683465,104.187653,35.95027,1.0,0.0,6318.1,1.0,1,612042023200085,"{""1"":63181,""3"":3,""37"":16,""48"":80,""49"":30,""224"":""AC8="",""225"":63181,""226"":3,""227"":282574488338432,""228"":0,""229"":1320,""230"":0,""231"":0}",0.09,1879358279721201700
1751965163000,2025-07-08 16:59:23.000,104.196844,35.956114,104.19035205316376,35.95012312107942,104.187661,35.950298,1.0,0.0,9663.9,1.0,1,612042023200066,"{""1"":96639,""3"":0,""37"":0,""48"":80,""49"":23,""224"":""AC8="",""225"":96639,""226"":0,""227"":281474976710656,""228"":0,""229"":0,""230"":0,""231"":0}",0.0,1879347316192227300
1751965163000,2025-07-08 16:59:23.000,104.196841,35.956118,104.1903490590036,35.950127127383524,104.187658,35.950302,0.0,0.0,11186.6,1.0,1,612042023200098,"{""1"":111866,""3"":0,""37"":0,""48"":80,""49"":28,""224"":""AC8="",""225"":111866,""226"":0,""227"":281474976710656,""228"":0,""229"":0,""230"":0,""231"":0}",0.09,1879353494011949000
1751965163000,2025-07-08 16:59:23.000,104.196835,35.956086,104.19034306847658,35.95009513046743,104.187652,35.95027,0.0,0.0,6318.1,1.0,1,612042023200085,"{""1"":63181,""3"":3,""37"":16,""48"":80,""49"":30,""224"":""AC8="",""225"":63181,""226"":3,""227"":282574488338432,""228"":0,""229"":1160,""230"":0,""231"":0}",0.09,1879358279721201700
1751965164000,2025-07-08 16:59:24.000,104.196843,35.956113,104.1903510549816,35.95012212262519,104.18766,35.950297,1.0,0.0,9663.9,1.0,1,612042023200066,"{""1"":96639,""3"":0,""37"":0,""48"":80,""49"":21,""224"":""AC8="",""225"":96639,""226"":0,""227"":281474976710656,""228"":0,""229"":0,""230"":0,""231"":0}",0.143,1879347316192227300
1751965164000,2025-07-08 16:59:24.000,104.196841,35.956118,104.1903490590036,35.950127127383524,104.187658,35.950302,0.0,0.0,11186.6,1.0,1,612042023200098,"{""1"":111866,""3"":0,""37"":0,""48"":80,""49"":28,""224"":""AC8="",""225"":111866,""226"":0,""227"":281474976710656,""228"":0,""229"":0,""230"":0,""231"":0}",0.0,1879353494011949000
1751965164000,2025-07-08 16:59:24.000,104.196836,35.956086,104.19034406660342,35.950095128683465,104.187653,35.95027,0.0,0.0,6318.1,1.0,1,612042023200085,"{""1"":63181,""3"":0,""37"":16,""48"":80,""49"":30,""224"":""AC8="",""225"":63181,""226"":0,""227"":282574488338432,""228"":0,""229"":440,""230"":0,""231"":0}",0.09,1879358279721201700
1751965165000,2025-07-08 16:59:25.000,104.196844,35.95611,104.19035205294304,35.95011912012698,104.187661,35.950294,1.0,0.0,9663.9,1.0,1,612042023200066,"{""1"":96639,""3"":0,""37"":0,""48"":80,""49"":21,""224"":""AC8="",""225"":96639,""226"":0,""227"":281474976710656,""228"":0,""229"":0,""230"":0,""231"":0}",0.346,1879347316192227300
1751965165000,2025-07-08 16:59:25.000,104.196841,35.956118,104.1903490590036,35.950127127383524,104.187658,35.950302,0.0,0.0,11186.6,1.0,1,612042023200098,"{""1"":111866,""3"":0,""37"":0,""48"":80,""49"":28,""224"":""AC8="",""225"":111866,""226"":0,""227"":281474976710656,""228"":0,""229"":0,""230"":0,""231"":0}",0.0,1879353494011949000
1751965165000,2025-07-08 16:59:25.000,104.196836,35.956085,104.19034406654823,35.950094128445336,104.187653,35.950269,0.0,0.0,6318.1,1.0,1,612042023200085,"{""1"":63181,""3"":0,""37"":0,""48"":80,""49"":30,""224"":""AC8="",""225"":63181,""226"":0,""227"":281474976710656,""228"":0,""229"":40,""230"":0,""231"":0}",0.111,1879358279721201700
1751965166000,2025-07-08 16:59:26.000,104.196844,35.95611,104.19035205294304,35.95011912012698,104.187661,35.950294,0.0,0.0,9663.9,1.0,1,612042023200066,"{""1"":96639,""3"":0,""37"":0,""48"":80,""49"":21,""224"":""AC8="",""225"":96639,""226"":0,""227"":281474976710656,""228"":0,""229"":0,""230"":0,""231"":0}",0.0,1879347316192227300
1751965166000,2025-07-08 16:59:26.000,104.196841,35.956118,104.1903490590036,35.950127127383524,104.187658,35.950302,0.0,0.0,11186.6,1.0,1,612042023200098,"{""1"":111866,""3"":0,""37"":0,""48"":80,""49"":28,""224"":""AC8="",""225"":111866,""226"":0,""227"":281474976710656,""228"":0,""229"":0,""230"":0,""231"":0}",0.0,1879353494011949000
1751965166000,2025-07-08 16:59:26.000,104.196837,35.956085,104.1903450646751,35.95009412666138,104.187654,35.950269,0.0,0.0,6318.1,1.0,1,612042023200085,"{""1"":63181,""3"":0,""37"":16,""48"":80,""49"":30,""224"":""AC8="",""225"":63181,""226"":0,""227"":282574488338432,""228"":0,""229"":1200,""230"":0,""231"":0}",0.09,1879358279721201700
1751965167000,2025-07-08 16:59:27.000,104.196842,35.95611,104.19035005668913,35.95011912369473,104.187659,35.950294,1.0,0.0,9663.9,1.0,1,612042023200066,"{""1"":96639,""3"":0,""37"":0,""48"":80,""49"":19,""224"":""AC8="",""225"":96639,""226"":0,""227"":281474976710656,""228"":0,""229"":0,""230"":0,""231"":0}",0.18,1879347316192227300
1751965167000,2025-07-08 16:59:27.000,104.19684,35.956118,104.1903480608767,35.950127129167434,104.187657,35.950302,0.0,0.0,11186.6,1.0,1,612042023200098,"{""1"":111866,""3"":0,""37"":0,""48"":80,""49"":28,""224"":""AC8="",""225"":111866,""226"":0,""227"":281474976710656,""228"":0,""229"":0,""230"":0,""231"":0}",0.09,1879353494011949000
1751965167000,2025-07-08 16:59:27.000,104.196838,35.956085,104.19034606280198,35.95009412487743,104.187655,35.950269,0.0,0.0,6318.1,1.0,1,612042023200085,"{""1"":63181,""3"":0,""37"":16,""48"":80,""49"":30,""224"":""AC8="",""225"":63181,""226"":0,""227"":282574488338432,""228"":0,""229"":480,""230"":0,""231"":0}",0.09,1879358279721201700
1751965168000,2025-07-08 16:59:28.000,104.196842,35.956109,104.19035005663392,35.950118123456626,104.187659,35.950293,1.0,0.0,9663.9,1.0,1,612042023200066,"{""1"":96639,""3"":0,""37"":0,""48"":80,""49"":20,""224"":""AC8="",""225"":96639,""226"":0,""227"":281474976710656,""228"":0,""229"":0,""230"":0,""231"":0}",0.111,1879347316192227300
1751965168000,2025-07-08 16:59:28.000,104.196841,35.956119,104.1903490590588,35.95012812762163,104.187658,35.950303,0.0,0.0,11186.6,1.0,1,612042023200098,"{""1"":111866,""3"":0,""37"":0,""48"":80,""49"":27,""224"":""AC8="",""225"":111866,""226"":0,""227"":281474976710656,""228"":0,""229"":0,""230"":0,""231"":0}",0.143,1879353494011949000
1751965168000,2025-07-08 16:59:28.000,104.196839,35.956085,104.19034706092889,35.9500941230935,104.187656,35.950269,0.0,0.0,6318.1,1.0,1,612042023200085,"{""1"":63181,""3"":0,""37"":0,""48"":80,""49"":30,""224"":""AC8="",""225"":63181,""226"":0,""227"":281474976710656,""228"":0,""229"":120,""230"":0,""231"":0}",0.09,1879358279721201700
1751965169000,2025-07-08 16:59:29.000,104.196842,35.956109,104.19035005663392,35.950118123456626,104.187659,35.950293,0.0,0.0,9663.9,1.0,1,612042023200066,"{""1"":96639,""3"":0,""37"":0,""48"":80,""49"":20,""224"":""AC8="",""225"":96639,""226"":0,""227"":281474976710656,""228"":0,""229"":0,""230"":0,""231"":0}",0.0,1879347316192227300
1751965169000,2025-07-08 16:59:29.000,104.196841,35.956118,104.1903490590036,35.950127127383524,104.187658,35.950302,0.0,0.0,11186.6,1.0,1,612042023200098,"{""1"":111866,""3"":0,""37"":0,""48"":80,""49"":28,""224"":""AC8="",""225"":111866,""226"":0,""227"":281474976710656,""228"":0,""229"":0,""230"":0,""231"":0}",0.111,1879353494011949000
1751965169000,2025-07-08 16:59:29.000,104.19684,35.956085,104.19034805905578,35.950094121309576,104.187657,35.950269,0.0,0.0,6318.1,1.0,1,612042023200085,"{""1"":63181,""3"":0,""37"":16,""48"":80,""49"":30,""224"":""AC8="",""225"":63181,""226"":0,""227"":282574488338432,""228"":0,""229"":680,""230"":0,""231"":0}",0.09,1879358279721201700
1751965170000,2025-07-08 16:59:30.000,104.196841,35.956109,104.190349058507,35.95011812524052,104.187658,35.950293,1.0,0.0,9663.9,1.0,1,612042023200066,"{""1"":96639,""3"":0,""37"":0,""48"":80,""49"":18,""224"":""AC8="",""225"":96639,""226"":0,""227"":281474976710656,""228"":0,""229"":0,""230"":0,""231"":0}",0.09,1879347316192227300
1751965170000,2025-07-08 16:59:30.000,104.196841,35.956118,104.1903490590036,35.950127127383524,104.187658,35.950302,1.0,0.0,11186.6,1.0,1,612042023200098,"{""1"":111866,""3"":0,""37"":0,""48"":80,""49"":28,""224"":""AC8="",""225"":111866,""226"":0,""227"":281474976710656,""228"":0,""229"":0,""230"":0,""231"":0}",0.0,1879353494011949000
1751965170000,2025-07-08 16:59:30.000,104.196839,35.956085,104.19034706092889,35.9500941230935,104.187656,35.950269,1.0,0.0,6318.1,1.0,1,612042023200085,"{""1"":63181,""3"":6,""37"":16,""48"":80,""49"":30,""224"":""AC8="",""225"":63181,""226"":6,""227"":282574488338432,""228"":0,""229"":640,""230"":0,""231"":0}",0.09,1879358279721201700
